time,node_source,node_source_id,latitude,longitude,sensor_source,sensor_source_id,parameter,value,unit,quality_codes
2025-01-01 00:00:00+00:00,Node 1,sfi_smart_ocean;demo;d1;1,60.090717,5.263733,Aanderaa Temperature PROBE,sfi_smart_ocean;demo;d1;1;AANDERAA_TEMPERATURE,sea_water_temperature,-1.12,degrees_C,0
2025-01-01 00:00:00+00:00,Node 1,sfi_smart_ocean;demo;d1;1,60.090717,5.263733,Aanderaa Conductivity PROBE,sfi_smart_ocean;demo;d1;1;AANDERAA_CONDUCTIVITY,sea_water_electrical_conductivity,4.502,S m-1,0
2025-01-01 00:00:00+00:00,Node 1,sfi_smart_ocean;demo;d1;1,60.090717,5.263733,Aanderaa Salinity PROBE,sfi_smart_ocean;demo;d1;1;AANDERAA_SALINITY,sea_water_salinity,34.93,PSU,0
2025-01-01 00:00:00+00:00,Node 1,sfi_smart_ocean;demo;d1;1,60.090717,5.263733,Aanderaa Oxygen PROBE,sfi_smart_ocean;demo;d1;1;AANDERAA_OXYGEN,dissolved_oxygen,349.1,umol L-1,0
2025-01-01 00:00:00+00:00,Node 1,sfi_smart_ocean;demo;d1;1,60.090717,5.263733,Aanderaa Turbidity PROBE,sfi_smart_ocean;demo;d1;1;AANDERAA_TURBIDITY,turbidity,197.54,NTU,0
2025-01-01 00:30:00+00:00,Node 1,sfi_smart_ocean;demo;d1;1,60.090717,5.263733,Aanderaa Temperature PROBE,sfi_smart_ocean;demo;d1;1;AANDERAA_TEMPERATURE,sea_water_temperature,1.03,degrees_C,0
2025-01-01 00:30:00+00:00,Node 1,sfi_smart_ocean;demo;d1;1,60.090717,5.263733,Aanderaa Conductivity PROBE,sfi_smart_ocean;demo;d1;1;AANDERAA_CONDUCTIVITY,sea_water_electrical_conductivity,2.205,S m-1,0
2025-01-01 00:30:00+00:00,Node 1,sfi_smart_ocean;demo;d1;1,60.090717,5.263733,Aanderaa Salinity PROBE,sfi_smart_ocean;demo;d1;1;AANDERAA_SALINITY,sea_water_salinity,24.97,PSU,0
2025-01-01 00:30:00+00:00,Node 1,sfi_smart_ocean;demo;d1;1,60.090717,5.263733,Aanderaa Oxygen PROBE,sfi_smart_ocean;demo;d1;1;AANDERAA_OXYGEN,dissolved_oxygen,378.5,umol L-1,0
2025-01-01 00:30:00+00:00,Node 1,sfi_smart_ocean;demo;d1;1,60.090717,5.263733,Aanderaa Turbidity PROBE,sfi_smart_ocean;demo;d1;1;AANDERAA_TURBIDITY,turbidity,197.07,NTU,0
2025-01-01 01:00:00+00:00,Node 1,sfi_smart_ocean;demo;d1;1,60.090717,5.263733,Aanderaa Temperature PROBE,sfi_smart_ocean;demo;d1;1;AANDERAA_TEMPERATURE,sea_water_temperature,6.73,degrees_C,0
2025-01-01 01:00:00+00:00,Node 1,sfi_smart_ocean;demo;d1;1,60.090717,5.263733,Aanderaa Conductivity PROBE,sfi_smart_ocean;demo;d1;1;AANDERAA_CONDUCTIVITY,sea_water_electrical_conductivity,5.882,S m-1,0
2025-01-01 01:00:00+00:00,Node 1,sfi_smart_ocean;demo;d1;1,60.090717,5.263733,Aanderaa Salinity PROBE,sfi_smart_ocean;demo;d1;1;AANDERAA_SALINITY,sea_water_salinity,35.36,PSU,0
2025-01-01 01:00:00+00:00,Node 1,sfi_smart_ocean;demo;d1;1,60.090717,5.263733,Aanderaa Oxygen PROBE,sfi_smart_ocean;demo;d1;1;AANDERAA_OXYGEN,dissolved_oxygen,386.8,umol L-1,0
2025-01-01 01:00:00+00:00,Node 1,sfi_smart_ocean;demo;d1;1,60.090717,5.263733,Aanderaa Turbidity PROBE,sfi_smart_ocean;demo;d1;1;AANDERAA_TURBIDITY,turbidity,54.84,NTU,0
2025-01-01 01:30:00+00:00,Node 1,sfi_smart_ocean;demo;d1;1,60.090717,5.263733,Aanderaa Temperature PROBE,sfi_smart_ocean;demo;d1;1;AANDERAA_TEMPERATURE,sea_water_temperature,8.16,degrees_C,0
2025-01-01 01:30:00+00:00,Node 1,sfi_smart_ocean;demo;d1;1,60.090717,5.263733,Aanderaa Conductivity PROBE,sfi_smart_ocean;demo;d1;1;AANDERAA_CONDUCTIVITY,sea_water_electrical_conductivity,5.196,S m-1,0
2025-01-01 01:30:00+00:00,Node 1,sfi_smart_ocean;demo;d1;1,60.090717,5.263733,Aanderaa Salinity PROBE,sfi_smart_ocean;demo;d1;1;AANDERAA_SALINITY,sea_water_salinity,34.67,PSU,0
2025-01-01 01:30:00+00:00,Node 1,sfi_smart_ocean;demo;d1;1,60.090717,5.263733,Aanderaa Oxygen PROBE,sfi_smart_ocean;demo;d1;1;AANDERAA_OXYGEN,dissolved_oxygen,423.6,umol L-1,0
2025-01-01 01:30:00+00:00,Node 1,sfi_smart_ocean;demo;d1;1,60.090717,5.263733,Aanderaa Turbidity PROBE,sfi_smart_ocean;demo;d1;1;AANDERAA_TURBIDITY,turbidity,8.17,NTU,0
2025-01-01 02:00:00+00:00,Node 1,sfi_smart_ocean;demo;d1;1,60.090717,5.263733,Aanderaa Temperature PROBE,sfi_smart_ocean;demo;d1;1;AANDERAA_TEMPERATURE,sea_water_temperature,2.06,degrees_C,0
2025-01-01 02:00:00+00:00,Node 1,sfi_smart_ocean;demo;d1;1,60.090717,5.263733,Aanderaa Conductivity PROBE,sfi_smart_ocean;demo;d1;1;AANDERAA_CONDUCTIVITY,sea_water_electrical_conductivity,2.544,S m-1,0
2025-01-01 02:00:00+00:00,Node 1,sfi_smart_ocean;demo;d1;1,60.090717,5.263733,Aanderaa Salinity PROBE,sfi_smart_ocean;demo;d1;1;AANDERAA_SALINITY,sea_water_salinity,33.73,PSU,0
2025-01-01 02:00:00+00:00,Node 1,sfi_smart_ocean;demo;d1;1,60.090717,5.263733,Aanderaa Oxygen PROBE,sfi_smart_ocean;demo;d1;1;AANDERAA_OXYGEN,dissolved_oxygen,360.9,umol L-1,0
2025-01-01 02:00:00+00:00,Node 1,sfi_smart_ocean;demo;d1;1,60.090717,5.263733,Aanderaa Turbidity PROBE,sfi_smart_ocean;demo;d1;1;AANDERAA_TURBIDITY,turbidity,65.89,NTU,0
2025-01-01 02:30:00+00:00,Node 1,sfi_smart_ocean;demo;d1;1,60.090717,5.263733,Aanderaa Temperature PROBE,sfi_smart_ocean;demo;d1;1;AANDERAA_TEMPERATURE,sea_water_temperature,12.3,degrees_C,0
2025-01-01 02:30:00+00:00,Node 1,sfi_smart_ocean;demo;d1;1,60.090717,5.263733,Aanderaa Conductivity PROBE,sfi_smart_ocean;demo;d1;1;AANDERAA_CONDUCTIVITY,sea_water_electrical_conductivity,3.59,S m-1,0
2025-01-01 02:30:00+00:00,Node 1,sfi_smart_ocean;demo;d1;1,60.090717,5.263733,Aanderaa Salinity PROBE,sfi_smart_ocean;demo;d1;1;AANDERAA_SALINITY,sea_water_salinity,18.72,PSU,0
2025-01-01 02:30:00+00:00,Node 1,sfi_smart_ocean;demo;d1;1,60.090717,5.263733,Aanderaa Oxygen PROBE,sfi_smart_ocean;demo;d1;1;AANDERAA_OXYGEN,dissolved_oxygen,420.5,umol L-1,0
2025-01-01 02:30:00+00:00,Node 1,sfi_smart_ocean;demo;d1;1,60.090717,5.263733,Aanderaa Turbidity PROBE,sfi_smart_ocean;demo;d1;1;AANDERAA_TURBIDITY,turbidity,154.23,NTU,0
2025-01-01 03:00:00+00:00,Node 1,sfi_smart_ocean;demo;d1;1,60.090717,5.263733,Aanderaa Temperature PROBE,sfi_smart_ocean;demo;d1;1;AANDERAA_TEMPERATURE,sea_water_temperature,8.8,degrees_C,0
2025-01-01 03:00:00+00:00,Node 1,sfi_smart_ocean;demo;d1;1,60.090717,5.263733,Aanderaa Conductivity PROBE,sfi_smart_ocean;demo;d1;1;AANDERAA_CONDUCTIVITY,sea_water_electrical_conductivity,4.326,S m-1,0
2025-01-01 03:00:00+00:00,Node 1,sfi_smart_ocean;demo;d1;1,60.090717,5.263733,Aanderaa Salinity PROBE,sfi_smart_ocean;demo;d1;1;AANDERAA_SALINITY,sea_water_salinity,27.11,PSU,0
2025-01-01 03:00:00+00:00,Node 1,sfi_smart_ocean;demo;d1;1,60.090717,5.263733,Aanderaa Oxygen PROBE,sfi_smart_ocean;demo;d1;1;AANDERAA_OXYGEN,dissolved_oxygen,311.5,umol L-1,0
2025-01-01 03:00:00+00:00,Node 1,sfi_smart_ocean;demo;d1;1,60.090717,5.263733,Aanderaa Turbidity PROBE,sfi_smart_ocean;demo;d1;1;AANDERAA_TURBIDITY,turbidity,62.21,NTU,0
2025-01-01 03:30:00+00:00,Node 1,sfi_smart_ocean;demo;d1;1,60.090717,5.263733,Aanderaa Temperature PROBE,sfi_smart_ocean;demo;d1;1;AANDERAA_TEMPERATURE,sea_water_temperature,17.67,degrees_C,0
2025-01-01 03:30:00+00:00,Node 1,sfi_smart_ocean;demo;d1;1,60.090717,5.263733,Aanderaa Conductivity PROBE,sfi_smart_ocean;demo;d1;1;AANDERAA_CONDUCTIVITY,sea_water_electrical_conductivity,3.971,S m-1,0
2025-01-01 03:30:00+00:00,Node 1,sfi_smart_ocean;demo;d1;1,60.090717,5.263733,Aanderaa Salinity PROBE,sfi_smart_ocean;demo;d1;1;AANDERAA_SALINITY,sea_water_salinity,16.21,PSU,0
2025-01-01 03:30:00+00:00,Node 1,sfi_smart_ocean;demo;d1;1,60.090717,5.263733,Aanderaa Oxygen PROBE,sfi_smart_ocean;demo;d1;1;AANDERAA_OXYGEN,dissolved_oxygen,258.9,umol L-1,0
2025-01-01 03:30:00+00:00,Node 1,sfi_smart_ocean;demo;d1;1,60.090717,5.263733,Aanderaa Turbidity PROBE,sfi_smart_ocean;demo;d1;1;AANDERAA_TURBIDITY,turbidity,97.63,NTU,0
2025-01-01 04:00:00+00:00,Node 1,sfi_smart_ocean;demo;d1;1,60.090717,5.263733,Aanderaa Temperature PROBE,sfi_smart_ocean;demo;d1;1;AANDERAA_TEMPERATURE,sea_water_temperature,17.18,degrees_C,0
2025-01-01 04:00:00+00:00,Node 1,sfi_smart_ocean;demo;d1;1,60.090717,5.263733,Aanderaa Conductivity PROBE,sfi_smart_ocean;demo;d1;1;AANDERAA_CONDUCTIVITY,sea_water_electrical_conductivity,5.901,S m-1,0
2025-01-01 04:00:00+00:00,Node 1,sfi_smart_ocean;demo;d1;1,60.090717,5.263733,Aanderaa Salinity PROBE,sfi_smart_ocean;demo;d1;1;AANDERAA_SALINITY,sea_water_salinity,34.03,PSU,0
2025-01-01 04:00:00+00:00,Node 1,sfi_smart_ocean;demo;d1;1,60.090717,5.263733,Aanderaa Oxygen PROBE,sfi_smart_ocean;demo;d1;1;AANDERAA_OXYGEN,dissolved_oxygen,167.1,umol L-1,0
2025-01-01 04:00:00+00:00,Node 1,sfi_smart_ocean;demo;d1;1,60.090717,5.263733,Aanderaa Turbidity PROBE,sfi_smart_ocean;demo;d1;1;AANDERAA_TURBIDITY,turbidity,68.88,NTU,0
2025-01-01 04:30:00+00:00,Node 1,sfi_smart_ocean;demo;d1;1,60.090717,5.263733,Aanderaa Temperature PROBE,sfi_smart_ocean;demo;d1;1;AANDERAA_TEMPERATURE,sea_water_temperature,0.64,degrees_C,0
2025-01-01 04:30:00+00:00,Node 1,sfi_smart_ocean;demo;d1;1,60.090717,5.263733,Aanderaa Conductivity PROBE,sfi_smart_ocean;demo;d1;1;AANDERAA_CONDUCTIVITY,sea_water_electrical_conductivity,3.099,S m-1,0
2025-01-01 04:30:00+00:00,Node 1,sfi_smart_ocean;demo;d1;1,60.090717,5.263733,Aanderaa Salinity PROBE,sfi_smart_ocean;demo;d1;1;AANDERAA_SALINITY,sea_water_salinity,37.59,PSU,0
2025-01-01 04:30:00+00:00,Node 1,sfi_smart_ocean;demo;d1;1,60.090717,5.263733,Aanderaa Oxygen PROBE,sfi_smart_ocean;demo;d1;1;AANDERAA_OXYGEN,dissolved_oxygen,81.2,umol L-1,0
2025-01-01 04:30:00+00:00,Node 1,sfi_smart_ocean;demo;d1;1,60.090717,5.263733,Aanderaa Turbidity PROBE,sfi_smart_ocean;demo;d1;1;AANDERAA_TURBIDITY,turbidity,131.75,NTU,0
2025-01-01 05:00:00+00:00,Node 1,sfi_smart_ocean;demo;d1;1,60.090717,5.263733,Aanderaa Temperature PROBE,sfi_smart_ocean;demo;d1;1;AANDERAA_TEMPERATURE,sea_water_temperature,2.53,degrees_C,0
2025-01-01 05:00:00+00:00,Node 1,sfi_smart_ocean;demo;d1;1,60.090717,5.263733,Aanderaa Conductivity PROBE,sfi_smart_ocean;demo;d1;1;AANDERAA_CONDUCTIVITY,sea_water_electrical_conductivity,2.878,S m-1,0
2025-01-01 05:00:00+00:00,Node 1,sfi_smart_ocean;demo;d1;1,60.090717,5.263733,Aanderaa Salinity PROBE,sfi_smart_ocean;demo;d1;1;AANDERAA_SALINITY,sea_water_salinity,27.46,PSU,0
2025-01-01 05:00:00+00:00,Node 1,sfi_smart_ocean;demo;d1;1,60.090717,5.263733,Aanderaa Oxygen PROBE,sfi_smart_ocean;demo;d1;1;AANDERAA_OXYGEN,dissolved_oxygen,277.1,umol L-1,0
2025-01-01 05:00:00+00:00,Node 1,sfi_smart_ocean;demo;d1;1,60.090717,5.263733,Aanderaa Turbidity PROBE,sfi_smart_ocean;demo;d1;1;AANDERAA_TURBIDITY,turbidity,135.63,NTU,0
2025-01-01 05:30:00+00:00,Node 1,sfi_smart_ocean;demo;d1;1,60.090717,5.263733,Aanderaa Temperature PROBE,sfi_smart_ocean;demo;d1;1;AANDERAA_TEMPERATURE,sea_water_temperature,13.74,degrees_C,0
2025-01-01 05:30:00+00:00,Node 1,sfi_smart_ocean;demo;d1;1,60.090717,5.263733,Aanderaa Conductivity PROBE,sfi_smart_ocean;demo;d1;1;AANDERAA_CONDUCTIVITY,sea_water_electrical_conductivity,3.565,S m-1,0
2025-01-01 05:30:00+00:00,Node 1,sfi_smart_ocean;demo;d1;1,60.090717,5.263733,Aanderaa Salinity PROBE,sfi_smart_ocean;demo;d1;1;AANDERAA_SALINITY,sea_water_salinity,39.8,PSU,0
2025-01-01 05:30:00+00:00,Node 1,sfi_smart_ocean;demo;d1;1,60.090717,5.263733,Aanderaa Oxygen PROBE,sfi_smart_ocean;demo;d1;1;AANDERAA_OXYGEN,dissolved_oxygen,63.7,umol L-1,0
2025-01-01 05:30:00+00:00,Node 1,sfi_smart_ocean;demo;d1;1,60.090717,5.263733,Aanderaa Turbidity PROBE,sfi_smart_ocean;demo;d1;1;AANDERAA_TURBIDITY,turbidity,54.15,NTU,0
2025-01-01 06:00:00+00:00,Node 1,sfi_smart_ocean;demo;d1;1,60.090717,5.263733,Aanderaa Temperature PROBE,sfi_smart_ocean;demo;d1;1;AANDERAA_TEMPERATURE,sea_water_temperature,14.07,degrees_C,0
2025-01-01 06:00:00+00:00,Node 1,sfi_smart_ocean;demo;d1;1,60.090717,5.263733,Aanderaa Conductivity PROBE,sfi_smart_ocean;demo;d1;1;AANDERAA_CONDUCTIVITY,sea_water_electrical_conductivity,3.801,S m-1,0
2025-01-01 06:00:00+00:00,Node 1,sfi_smart_ocean;demo;d1;1,60.090717,5.263733,Aanderaa Salinity PROBE,sfi_smart_ocean;demo;d1;1;AANDERAA_SALINITY,sea_water_salinity,15.44,PSU,0
2025-01-01 06:00:00+00:00,Node 1,sfi_smart_ocean;demo;d1;1,60.090717,5.263733,Aanderaa Oxygen PROBE,sfi_smart_ocean;demo;d1;1;AANDERAA_OXYGEN,dissolved_oxygen,196.0,umol L-1,0
2025-01-01 06:00:00+00:00,Node 1,sfi_smart_ocean;demo;d1;1,60.090717,5.263733,Aanderaa Turbidity PROBE,sfi_smart_ocean;demo;d1;1;AANDERAA_TURBIDITY,turbidity,27.98,NTU,0
2025-01-01 06:30:00+00:00,Node 1,sfi_smart_ocean;demo;d1;1,60.090717,5.263733,Aanderaa Temperature PROBE,sfi_smart_ocean;demo;d1;1;AANDERAA_TEMPERATURE,sea_water_temperature,6.77,degrees_C,0
2025-01-01 06:30:00+00:00,Node 1,sfi_smart_ocean;demo;d1;1,60.090717,5.263733,Aanderaa Conductivity PROBE,sfi_smart_ocean;demo;d1;1;AANDERAA_CONDUCTIVITY,sea_water_electrical_conductivity,3.631,S m-1,0
2025-01-01 06:30:00+00:00,Node 1,sfi_smart_ocean;demo;d1;1,60.090717,5.263733,Aanderaa Salinity PROBE,sfi_smart_ocean;demo;d1;1;AANDERAA_SALINITY,sea_water_salinity,20.05,PSU,0
2025-01-01 06:30:00+00:00,Node 1,sfi_smart_ocean;demo;d1;1,60.090717,5.263733,Aanderaa Oxygen PROBE,sfi_smart_ocean;demo;d1;1;AANDERAA_OXYGEN,dissolved_oxygen,318.5,umol L-1,0
2025-01-01 06:30:00+00:00,Node 1,sfi_smart_ocean;demo;d1;1,60.090717,5.263733,Aanderaa Turbidity PROBE,sfi_smart_ocean;demo;d1;1;AANDERAA_TURBIDITY,turbidity,47.41,NTU,0
2025-01-01 07:00:00+00:00,Node 1,sfi_smart_ocean;demo;d1;1,60.090717,5.263733,Aanderaa Temperature PROBE,sfi_smart_ocean;demo;d1;1;AANDERAA_TEMPERATURE,sea_water_temperature,16.95,degrees_C,0
2025-01-01 07:00:00+00:00,Node 1,sfi_smart_ocean;demo;d1;1,60.090717,5.263733,Aanderaa Conductivity PROBE,sfi_smart_ocean;demo;d1;1;AANDERAA_CONDUCTIVITY,sea_water_electrical_conductivity,4.859,S m-1,0
2025-01-01 07:00:00+00:00,Node 1,sfi_smart_ocean;demo;d1;1,60.090717,5.263733,Aanderaa Salinity PROBE,sfi_smart_ocean;demo;d1;1;AANDERAA_SALINITY,sea_water_salinity,31.05,PSU,0
2025-01-01 07:00:00+00:00,Node 1,sfi_smart_ocean;demo;d1;1,60.090717,5.263733,Aanderaa Oxygen PROBE,sfi_smart_ocean;demo;d1;1;AANDERAA_OXYGEN,dissolved_oxygen,324.4,umol L-1,0
2025-01-01 07:00:00+00:00,Node 1,sfi_smart_ocean;demo;d1;1,60.090717,5.263733,Aanderaa Turbidity PROBE,sfi_smart_ocean;demo;d1;1;AANDERAA_TURBIDITY,turbidity,147.56,NTU,0
2025-01-01 07:30:00+00:00,Node 1,sfi_smart_ocean;demo;d1;1,60.090717,5.263733,Aanderaa Temperature PROBE,sfi_smart_ocean;demo;d1;1;AANDERAA_TEMPERATURE,sea_water_temperature,19.89,degrees_C,0
2025-01-01 07:30:00+00:00,Node 1,sfi_smart_ocean;demo;d1;1,60.090717,5.263733,Aanderaa Conductivity PROBE,sfi_smart_ocean;demo;d1;1;AANDERAA_CONDUCTIVITY,sea_water_electrical_conductivity,3.928,S m-1,0
2025-01-01 07:30:00+00:00,Node 1,sfi_smart_ocean;demo;d1;1,60.090717,5.263733,Aanderaa Salinity PROBE,sfi_smart_ocean;demo;d1;1;AANDERAA_SALINITY,sea_water_salinity,25.29,PSU,0
2025-01-01 07:30:00+00:00,Node 1,sfi_smart_ocean;demo;d1;1,60.090717,5.263733,Aanderaa Oxygen PROBE,sfi_smart_ocean;demo;d1;1;AANDERAA_OXYGEN,dissolved_oxygen,87.3,umol L-1,0
2025-01-01 07:30:00+00:00,Node 1,sfi_smart_ocean;demo;d1;1,60.090717,5.263733,Aanderaa Turbidity PROBE,sfi_smart_ocean;demo;d1;1;AANDERAA_TURBIDITY,turbidity,52.03,NTU,0
2025-01-01 08:00:00+00:00,Node 1,sfi_smart_ocean;demo;d1;1,60.090717,5.263733,Aanderaa Temperature PROBE,sfi_smart_ocean;demo;d1;1;AANDERAA_TEMPERATURE,sea_water_temperature,6.22,degrees_C,0
2025-01-01 08:00:00+00:00,Node 1,sfi_smart_ocean;demo;d1;1,60.090717,5.263733,Aanderaa Conductivity PROBE,sfi_smart_ocean;demo;d1;1;AANDERAA_CONDUCTIVITY,sea_water_electrical_conductivity,2.199,S m-1,0
2025-01-01 08:00:00+00:00,Node 1,sfi_smart_ocean;demo;d1;1,60.090717,5.263733,Aanderaa Salinity PROBE,sfi_smart_ocean;demo;d1;1;AANDERAA_SALINITY,sea_water_salinity,37.12,PSU,0
2025-01-01 08:00:00+00:00,Node 1,sfi_smart_ocean;demo;d1;1,60.090717,5.263733,Aanderaa Oxygen PROBE,sfi_smart_ocean;demo;d1;1;AANDERAA_OXYGEN,dissolved_oxygen,231.9,umol L-1,0
2025-01-01 08:00:00+00:00,Node 1,sfi_smart_ocean;demo;d1;1,60.090717,5.263733,Aanderaa Turbidity PROBE,sfi_smart_ocean;demo;d1;1;AANDERAA_TURBIDITY,turbidity,59.44,NTU,0
2025-01-01 08:30:00+00:00,Node 1,sfi_smart_ocean;demo;d1;1,60.090717,5.263733,Aanderaa Temperature PROBE,sfi_smart_ocean;demo;d1;1;AANDERAA_TEMPERATURE,sea_water_temperature,8.04,degrees_C,0
2025-01-01 08:30:00+00:00,Node 1,sfi_smart_ocean;demo;d1;1,60.090717,5.263733,Aanderaa Conductivity PROBE,sfi_smart_ocean;demo;d1;1;AANDERAA_CONDUCTIVITY,sea_water_electrical_conductivity,5.232,S m-1,0
2025-01-01 08:30:00+00:00,Node 1,sfi_smart_ocean;demo;d1;1,60.090717,5.263733,Aanderaa Salinity PROBE,sfi_smart_ocean;demo;d1;1;AANDERAA_SALINITY,sea_water_salinity,34.09,PSU,0
2025-01-01 08:30:00+00:00,Node 1,sfi_smart_ocean;demo;d1;1,60.090717,5.263733,Aanderaa Oxygen PROBE,sfi_smart_ocean;demo;d1;1;AANDERAA_OXYGEN,dissolved_oxygen,221.8,umol L-1,0
2025-01-01 08:30:00+00:00,Node 1,sfi_smart_ocean;demo;d1;1,60.090717,5.263733,Aanderaa Turbidity PROBE,sfi_smart_ocean;demo;d1;1;AANDERAA_TURBIDITY,turbidity,40.12,NTU,0
2025-01-01 09:00:00+00:00,Node 1,sfi_smart_ocean;demo;d1;1,60.090717,5.263733,Aanderaa Temperature PROBE,sfi_smart_ocean;demo;d1;1;AANDERAA_TEMPERATURE,sea_water_temperature,2.71,degrees_C,0
2025-01-01 09:00:00+00:00,Node 1,sfi_smart_ocean;demo;d1;1,60.090717,5.263733,Aanderaa Conductivity PROBE,sfi_smart_ocean;demo;d1;1;AANDERAA_CONDUCTIVITY,sea_water_electrical_conductivity,2.105,S m-1,0
2025-01-01 09:00:00+00:00,Node 1,sfi_smart_ocean;demo;d1;1,60.090717,5.263733,Aanderaa Salinity PROBE,sfi_smart_ocean;demo;d1;1;AANDERAA_SALINITY,sea_water_salinity,34.92,PSU,0
2025-01-01 09:00:00+00:00,Node 1,sfi_smart_ocean;demo;d1;1,60.090717,5.263733,Aanderaa Oxygen PROBE,sfi_smart_ocean;demo;d1;1;AANDERAA_OXYGEN,dissolved_oxygen,196.8,umol L-1,0
2025-01-01 09:00:00+00:00,Node 1,sfi_smart_ocean;demo;d1;1,60.090717,5.263733,Aanderaa Turbidity PROBE,sfi_smart_ocean;demo;d1;1;AANDERAA_TURBIDITY,turbidity,146.36,NTU,0
2025-01-01 09:30:00+00:00,Node 1,sfi_smart_ocean;demo;d1;1,60.090717,5.263733,Aanderaa Temperature PROBE,sfi_smart_ocean;demo;d1;1;AANDERAA_TEMPERATURE,sea_water_temperature,11.36,degrees_C,0
2025-01-01 09:30:00+00:00,Node 1,sfi_smart_ocean;demo;d1;1,60.090717,5.263733,Aanderaa Conductivity PROBE,sfi_smart_ocean;demo;d1;1;AANDERAA_CONDUCTIVITY,sea_water_electrical_conductivity,3.796,S m-1,0
2025-01-01 09:30:00+00:00,Node 1,sfi_smart_ocean;demo;d1;1,60.090717,5.263733,Aanderaa Salinity PROBE,sfi_smart_ocean;demo;d1;1;AANDERAA_SALINITY,sea_water_salinity,22.25,PSU,0
2025-01-01 09:30:00+00:00,Node 1,sfi_smart_ocean;demo;d1;1,60.090717,5.263733,Aanderaa Oxygen PROBE,sfi_smart_ocean;demo;d1;1;AANDERAA_OXYGEN,dissolved_oxygen,368.3,umol L-1,0
2025-01-01 09:30:00+00:00,Node 1,sfi_smart_ocean;demo;d1;1,60.090717,5.263733,Aanderaa Turbidity PROBE,sfi_smart_ocean;demo;d1;1;AANDERAA_TURBIDITY,turbidity,143.65,NTU,0
2025-01-01 10:00:00+00:00,Node 1,sfi_smart_ocean;demo;d1;1,60.090717,5.263733,Aanderaa Temperature PROBE,sfi_smart_ocean;demo;d1;1;AANDERAA_TEMPERATURE,sea_water_temperature,0.29,degrees_C,0
2025-01-01 10:00:00+00:00,Node 1,sfi_smart_ocean;demo;d1;1,60.090717,5.263733,Aanderaa Conductivity PROBE,sfi_smart_ocean;demo;d1;1;AANDERAA_CONDUCTIVITY,sea_water_electrical_conductivity,3.343,S m-1,0
2025-01-01 10:00:00+00:00,Node 1,sfi_smart_ocean;demo;d1;1,60.090717,5.263733,Aanderaa Salinity PROBE,sfi_smart_ocean;demo;d1;1;AANDERAA_SALINITY,sea_water_salinity,29.48,PSU,0
2025-01-01 10:00:00+00:00,Node 1,sfi_smart_ocean;demo;d1;1,60.090717,5.263733,Aanderaa Oxygen PROBE,sfi_smart_ocean;demo;d1;1;AANDERAA_OXYGEN,dissolved_oxygen,151.5,umol L-1,0
2025-01-01 10:00:00+00:00,Node 1,sfi_smart_ocean;demo;d1;1,60.090717,5.263733,Aanderaa Turbidity PROBE,sfi_smart_ocean;demo;d1;1;AANDERAA_TURBIDITY,turbidity,32.54,NTU,0
2025-01-01 10:30:00+00:00,Node 1,sfi_smart_ocean;demo;d1;1,60.090717,5.263733,Aanderaa Temperature PROBE,sfi_smart_ocean;demo;d1;1;AANDERAA_TEMPERATURE,sea_water_temperature,18.57,degrees_C,0
2025-01-01 10:30:00+00:00,Node 1,sfi_smart_ocean;demo;d1;1,60.090717,5.263733,Aanderaa Conductivity PROBE,sfi_smart_ocean;demo;d1;1;AANDERAA_CONDUCTIVITY,sea_water_electrical_conductivity,4.045,S m-1,0
2025-01-01 10:30:00+00:00,Node 1,sfi_smart_ocean;demo;d1;1,60.090717,5.263733,Aanderaa Salinity PROBE,sfi_smart_ocean;demo;d1;1;AANDERAA_SALINITY,sea_water_salinity,22.68,PSU,0
2025-01-01 10:30:00+00:00,Node 1,sfi_smart_ocean;demo;d1;1,60.090717,5.263733,Aanderaa Oxygen PROBE,sfi_smart_ocean;demo;d1;1;AANDERAA_OXYGEN,dissolved_oxygen,74.9,umol L-1,0
2025-01-01 10:30:00+00:00,Node 1,sfi_smart_ocean;demo;d1;1,60.090717,5.263733,Aanderaa Turbidity PROBE,sfi_smart_ocean;demo;d1;1;AANDERAA_TURBIDITY,turbidity,21.71,NTU,0
2025-01-01 11:00:00+00:00,Node 1,sfi_smart_ocean;demo;d1;1,60.090717,5.263733,Aanderaa Temperature PROBE,sfi_smart_ocean;demo;d1;1;AANDERAA_TEMPERATURE,sea_water_temperature,0.84,degrees_C,0
2025-01-01 11:00:00+00:00,Node 1,sfi_smart_ocean;demo;d1;1,60.090717,5.263733,Aanderaa Conductivity PROBE,sfi_smart_ocean;demo;d1;1;AANDERAA_CONDUCTIVITY,sea_water_electrical_conductivity,5.762,S m-1,0
2025-01-01 11:00:00+00:00,Node 1,sfi_smart_ocean;demo;d1;1,60.090717,5.263733,Aanderaa Salinity PROBE,sfi_smart_ocean;demo;d1;1;AANDERAA_SALINITY,sea_water_salinity,36.73,PSU,0
2025-01-01 11:00:00+00:00,Node 1,sfi_smart_ocean;demo;d1;1,60.090717,5.263733,Aanderaa Oxygen PROBE,sfi_smart_ocean;demo;d1;1;AANDERAA_OXYGEN,dissolved_oxygen,208.5,umol L-1,0
2025-01-01 11:00:00+00:00,Node 1,sfi_smart_ocean;demo;d1;1,60.090717,5.263733,Aanderaa Turbidity PROBE,sfi_smart_ocean;demo;d1;1;AANDERAA_TURBIDITY,turbidity,28.02,NTU,0
2025-01-01 11:30:00+00:00,Node 1,sfi_smart_ocean;demo;d1;1,60.090717,5.263733,Aanderaa Temperature PROBE,sfi_smart_ocean;demo;d1;1;AANDERAA_TEMPERATURE,sea_water_temperature,0.33,degrees_C,0
2025-01-01 11:30:00+00:00,Node 1,sfi_smart_ocean;demo;d1;1,60.090717,5.263733,Aanderaa Conductivity PROBE,sfi_smart_ocean;demo;d1;1;AANDERAA_CONDUCTIVITY,sea_water_electrical_conductivity,4.252,S m-1,0
2025-01-01 11:30:00+00:00,Node 1,sfi_smart_ocean;demo;d1;1,60.090717,5.263733,Aanderaa Salinity PROBE,sfi_smart_ocean;demo;d1;1;AANDERAA_SALINITY,sea_water_salinity,30.94,PSU,0
2025-01-01 11:30:00+00:00,Node 1,sfi_smart_ocean;demo;d1;1,60.090717,5.263733,Aanderaa Oxygen PROBE,sfi_smart_ocean;demo;d1;1;AANDERAA_OXYGEN,dissolved_oxygen,443.1,umol L-1,0
2025-01-01 11:30:00+00:00,Node 1,sfi_smart_ocean;demo;d1;1,60.090717,5.263733,Aanderaa Turbidity PROBE,sfi_smart_ocean;demo;d1;1;AANDERAA_TURBIDITY,turbidity,163.23,NTU,0
2025-01-01 12:00:00+00:00,Node 1,sfi_smart_ocean;demo;d1;1,60.090717,5.263733,Aanderaa Temperature PROBE,sfi_smart_ocean;demo;d1;1;AANDERAA_TEMPERATURE,sea_water_temperature,8.7,degrees_C,0
2025-01-01 12:00:00+00:00,Node 1,sfi_smart_ocean;demo;d1;1,60.090717,5.263733,Aanderaa Conductivity PROBE,sfi_smart_ocean;demo;d1;1;AANDERAA_CONDUCTIVITY,sea_water_electrical_conductivity,4.551,S m-1,0
2025-01-01 12:00:00+00:00,Node 1,sfi_smart_ocean;demo;d1;1,60.090717,5.263733,Aanderaa Salinity PROBE,sfi_smart_ocean;demo;d1;1;AANDERAA_SALINITY,sea_water_salinity,27.91,PSU,0
2025-01-01 12:00:00+00:00,Node 1,sfi_smart_ocean;demo;d1;1,60.090717,5.263733,Aanderaa Oxygen PROBE,sfi_smart_ocean;demo;d1;1;AANDERAA_OXYGEN,dissolved_oxygen,419.4,umol L-1,0
2025-01-01 12:00:00+00:00,Node 1,sfi_smart_ocean;demo;d1;1,60.090717,5.263733,Aanderaa Turbidity PROBE,sfi_smart_ocean;demo;d1;1;AANDERAA_TURBIDITY,turbidity,105.65,NTU,0
2025-01-01 12:30:00+00:00,Node 1,sfi_smart_ocean;demo;d1;1,60.090717,5.263733,Aanderaa Temperature PROBE,sfi_smart_ocean;demo;d1;1;AANDERAA_TEMPERATURE,sea_water_temperature,3.02,degrees_C,0
2025-01-01 12:30:00+00:00,Node 1,sfi_smart_ocean;demo;d1;1,60.090717,5.263733,Aanderaa Conductivity PROBE,sfi_smart_ocean;demo;d1;1;AANDERAA_CONDUCTIVITY,sea_water_electrical_conductivity,5.065,S m-1,0
2025-01-01 12:30:00+00:00,Node 1,sfi_smart_ocean;demo;d1;1,60.090717,5.263733,Aanderaa Salinity PROBE,sfi_smart_ocean;demo;d1;1;AANDERAA_SALINITY,sea_water_salinity,15.86,PSU,0
2025-01-01 12:30:00+00:00,Node 1,sfi_smart_ocean;demo;d1;1,60.090717,5.263733,Aanderaa Oxygen PROBE,sfi_smart_ocean;demo;d1;1;AANDERAA_OXYGEN,dissolved_oxygen,379.2,umol L-1,0
2025-01-01 12:30:00+00:00,Node 1,sfi_smart_ocean;demo;d1;1,60.090717,5.263733,Aanderaa Turbidity PROBE,sfi_smart_ocean;demo;d1;1;AANDERAA_TURBIDITY,turbidity,115.7,NTU,0
2025-01-01 13:00:00+00:00,Node 1,sfi_smart_ocean;demo;d1;1,60.090717,5.263733,Aanderaa Temperature PROBE,sfi_smart_ocean;demo;d1;1;AANDERAA_TEMPERATURE,sea_water_temperature,7.75,degrees_C,0
2025-01-01 13:00:00+00:00,Node 1,sfi_smart_ocean;demo;d1;1,60.090717,5.263733,Aanderaa Conductivity PROBE,sfi_smart_ocean;demo;d1;1;AANDERAA_CONDUCTIVITY,sea_water_electrical_conductivity,3.55,S m-1,0
2025-01-01 13:00:00+00:00,Node 1,sfi_smart_ocean;demo;d1;1,60.090717,5.263733,Aanderaa Salinity PROBE,sfi_smart_ocean;demo;d1;1;AANDERAA_SALINITY,sea_water_salinity,25.38,PSU,0
2025-01-01 13:00:00+00:00,Node 1,sfi_smart_ocean;demo;d1;1,60.090717,5.263733,Aanderaa Oxygen PROBE,sfi_smart_ocean;demo;d1;1;AANDERAA_OXYGEN,dissolved_oxygen,90.8,umol L-1,0
2025-01-01 13:00:00+00:00,Node 1,sfi_smart_ocean;demo;d1;1,60.090717,5.263733,Aanderaa Turbidity PROBE,sfi_smart_ocean;demo;d1;1;AANDERAA_TURBIDITY,turbidity,192.43,NTU,0
2025-01-01 13:30:00+00:00,Node 1,sfi_smart_ocean;demo;d1;1,60.090717,5.263733,Aanderaa Temperature PROBE,sfi_smart_ocean;demo;d1;1;AANDERAA_TEMPERATURE,sea_water_temperature,9.88,degrees_C,0
2025-01-01 13:30:00+00:00,Node 1,sfi_smart_ocean;demo;d1;1,60.090717,5.263733,Aanderaa Conductivity PROBE,sfi_smart_ocean;demo;d1;1;AANDERAA_CONDUCTIVITY,sea_water_electrical_conductivity,2.001,S m-1,0
2025-01-01 13:30:00+00:00,Node 1,sfi_smart_ocean;demo;d1;1,60.090717,5.263733,Aanderaa Salinity PROBE,sfi_smart_ocean;demo;d1;1;AANDERAA_SALINITY,sea_water_salinity,11.03,PSU,0
2025-01-01 13:30:00+00:00,Node 1,sfi_smart_ocean;demo;d1;1,60.090717,5.263733,Aanderaa Oxygen PROBE,sfi_smart_ocean;demo;d1;1;AANDERAA_OXYGEN,dissolved_oxygen,119.0,umol L-1,0
2025-01-01 13:30:00+00:00,Node 1,sfi_smart_ocean;demo;d1;1,60.090717,5.263733,Aanderaa Turbidity PROBE,sfi_smart_ocean;demo;d1;1;AANDERAA_TURBIDITY,turbidity,15.09,NTU,0
2025-01-01 14:00:00+00:00,Node 1,sfi_smart_ocean;demo;d1;1,60.090717,5.263733,Aanderaa Temperature PROBE,sfi_smart_ocean;demo;d1;1;AANDERAA_TEMPERATURE,sea_water_temperature,14.45,degrees_C,0
2025-01-01 14:00:00+00:00,Node 1,sfi_smart_ocean;demo;d1;1,60.090717,5.263733,Aanderaa Conductivity PROBE,sfi_smart_ocean;demo;d1;1;AANDERAA_CONDUCTIVITY,sea_water_electrical_conductivity,2.681,S m-1,0
2025-01-01 14:00:00+00:00,Node 1,sfi_smart_ocean;demo;d1;1,60.090717,5.263733,Aanderaa Salinity PROBE,sfi_smart_ocean;demo;d1;1;AANDERAA_SALINITY,sea_water_salinity,27.67,PSU,0
2025-01-01 14:00:00+00:00,Node 1,sfi_smart_ocean;demo;d1;1,60.090717,5.263733,Aanderaa Oxygen PROBE,sfi_smart_ocean;demo;d1;1;AANDERAA_OXYGEN,dissolved_oxygen,121.5,umol L-1,0
2025-01-01 14:00:00+00:00,Node 1,sfi_smart_ocean;demo;d1;1,60.090717,5.263733,Aanderaa Turbidity PROBE,sfi_smart_ocean;demo;d1;1;AANDERAA_TURBIDITY,turbidity,60.87,NTU,0
2025-01-01 14:30:00+00:00,Node 1,sfi_smart_ocean;demo;d1;1,60.090717,5.263733,Aanderaa Temperature PROBE,sfi_smart_ocean;demo;d1;1;AANDERAA_TEMPERATURE,sea_water_temperature,5.36,degrees_C,0
2025-01-01 14:30:00+00:00,Node 1,sfi_smart_ocean;demo;d1;1,60.090717,5.263733,Aanderaa Conductivity PROBE,sfi_smart_ocean;demo;d1;1;AANDERAA_CONDUCTIVITY,sea_water_electrical_conductivity,3.951,S m-1,0
2025-01-01 14:30:00+00:00,Node 1,sfi_smart_ocean;demo;d1;1,60.090717,5.263733,Aanderaa Salinity PROBE,sfi_smart_ocean;demo;d1;1;AANDERAA_SALINITY,sea_water_salinity,31.69,PSU,0
2025-01-01 14:30:00+00:00,Node 1,sfi_smart_ocean;demo;d1;1,60.090717,5.263733,Aanderaa Oxygen PROBE,sfi_smart_ocean;demo;d1;1;AANDERAA_OXYGEN,dissolved_oxygen,173.2,umol L-1,0
2025-01-01 14:30:00+00:00,Node 1,sfi_smart_ocean;demo;d1;1,60.090717,5.263733,Aanderaa Turbidity PROBE,sfi_smart_ocean;demo;d1;1;AANDERAA_TURBIDITY,turbidity,23.43,NTU,0
2025-01-01 15:00:00+00:00,Node 1,sfi_smart_ocean;demo;d1;1,60.090717,5.263733,Aanderaa Temperature PROBE,sfi_smart_ocean;demo;d1;1;AANDERAA_TEMPERATURE,sea_water_temperature,4.66,degrees_C,0
2025-01-01 15:00:00+00:00,Node 1,sfi_smart_ocean;demo;d1;1,60.090717,5.263733,Aanderaa Conductivity PROBE,sfi_smart_ocean;demo;d1;1;AANDERAA_CONDUCTIVITY,sea_water_electrical_conductivity,3.024,S m-1,0
2025-01-01 15:00:00+00:00,Node 1,sfi_smart_ocean;demo;d1;1,60.090717,5.263733,Aanderaa Salinity PROBE,sfi_smart_ocean;demo;d1;1;AANDERAA_SALINITY,sea_water_salinity,35.38,PSU,0
2025-01-01 15:00:00+00:00,Node 1,sfi_smart_ocean;demo;d1;1,60.090717,5.263733,Aanderaa Oxygen PROBE,sfi_smart_ocean;demo;d1;1;AANDERAA_OXYGEN,dissolved_oxygen,202.8,umol L-1,0
2025-01-01 15:00:00+00:00,Node 1,sfi_smart_ocean;demo;d1;1,60.090717,5.263733,Aanderaa Turbidity PROBE,sfi_smart_ocean;demo;d1;1;AANDERAA_TURBIDITY,turbidity,164.58,NTU,0
2025-01-01 15:30:00+00:00,Node 1,sfi_smart_ocean;demo;d1;1,60.090717,5.263733,Aanderaa Temperature PROBE,sfi_smart_ocean;demo;d1;1;AANDERAA_TEMPERATURE,sea_water_temperature,9.04,degrees_C,0
2025-01-01 15:30:00+00:00,Node 1,sfi_smart_ocean;demo;d1;1,60.090717,5.263733,Aanderaa Conductivity PROBE,sfi_smart_ocean;demo;d1;1;AANDERAA_CONDUCTIVITY,sea_water_electrical_conductivity,2.357,S m-1,0
2025-01-01 15:30:00+00:00,Node 1,sfi_smart_ocean;demo;d1;1,60.090717,5.263733,Aanderaa Salinity PROBE,sfi_smart_ocean;demo;d1;1;AANDERAA_SALINITY,sea_water_salinity,39.2,PSU,0
2025-01-01 15:30:00+00:00,Node 1,sfi_smart_ocean;demo;d1;1,60.090717,5.263733,Aanderaa Oxygen PROBE,sfi_smart_ocean;demo;d1;1;AANDERAA_OXYGEN,dissolved_oxygen,416.2,umol L-1,0
2025-01-01 15:30:00+00:00,Node 1,sfi_smart_ocean;demo;d1;1,60.090717,5.263733,Aanderaa Turbidity PROBE,sfi_smart_ocean;demo;d1;1;AANDERAA_TURBIDITY,turbidity,88.74,NTU,0
2025-01-01 16:00:00+00:00,Node 1,sfi_smart_ocean;demo;d1;1,60.090717,5.263733,Aanderaa Temperature PROBE,sfi_smart_ocean;demo;d1;1;AANDERAA_TEMPERATURE,sea_water_temperature,15.21,degrees_C,0
2025-01-01 16:00:00+00:00,Node 1,sfi_smart_ocean;demo;d1;1,60.090717,5.263733,Aanderaa Conductivity PROBE,sfi_smart_ocean;demo;d1;1;AANDERAA_CONDUCTIVITY,sea_water_electrical_conductivity,5.286,S m-1,0
2025-01-01 16:00:00+00:00,Node 1,sfi_smart_ocean;demo;d1;1,60.090717,5.263733,Aanderaa Salinity PROBE,sfi_smart_ocean;demo;d1;1;AANDERAA_SALINITY,sea_water_salinity,39.26,PSU,0
2025-01-01 16:00:00+00:00,Node 1,sfi_smart_ocean;demo;d1;1,60.090717,5.263733,Aanderaa Oxygen PROBE,sfi_smart_ocean;demo;d1;1;AANDERAA_OXYGEN,dissolved_oxygen,366.7,umol L-1,0
2025-01-01 16:00:00+00:00,Node 1,sfi_smart_ocean;demo;d1;1,60.090717,5.263733,Aanderaa Turbidity PROBE,sfi_smart_ocean;demo;d1;1;AANDERAA_TURBIDITY,turbidity,53.36,NTU,0
2025-01-01 16:30:00+00:00,Node 1,sfi_smart_ocean;demo;d1;1,60.090717,5.263733,Aanderaa Temperature PROBE,sfi_smart_ocean;demo;d1;1;AANDERAA_TEMPERATURE,sea_water_temperature,0.75,degrees_C,0
2025-01-01 16:30:00+00:00,Node 1,sfi_smart_ocean;demo;d1;1,60.090717,5.263733,Aanderaa Conductivity PROBE,sfi_smart_ocean;demo;d1;1;AANDERAA_CONDUCTIVITY,sea_water_electrical_conductivity,3.115,S m-1,0
2025-01-01 16:30:00+00:00,Node 1,sfi_smart_ocean;demo;d1;1,60.090717,5.263733,Aanderaa Salinity PROBE,sfi_smart_ocean;demo;d1;1;AANDERAA_SALINITY,sea_water_salinity,25.03,PSU,0
2025-01-01 16:30:00+00:00,Node 1,sfi_smart_ocean;demo;d1;1,60.090717,5.263733,Aanderaa Oxygen PROBE,sfi_smart_ocean;demo;d1;1;AANDERAA_OXYGEN,dissolved_oxygen,436.5,umol L-1,0
2025-01-01 16:30:00+00:00,Node 1,sfi_smart_ocean;demo;d1;1,60.090717,5.263733,Aanderaa Turbidity PROBE,sfi_smart_ocean;demo;d1;1;AANDERAA_TURBIDITY,turbidity,149.56,NTU,0
2025-01-01 17:00:00+00:00,Node 1,sfi_smart_ocean;demo;d1;1,60.090717,5.263733,Aanderaa Temperature PROBE,sfi_smart_ocean;demo;d1;1;AANDERAA_TEMPERATURE,sea_water_temperature,7.11,degrees_C,0
2025-01-01 17:00:00+00:00,Node 1,sfi_smart_ocean;demo;d1;1,60.090717,5.263733,Aanderaa Conductivity PROBE,sfi_smart_ocean;demo;d1;1;AANDERAA_CONDUCTIVITY,sea_water_electrical_conductivity,4.936,S m-1,0
2025-01-01 17:00:00+00:00,Node 1,sfi_smart_ocean;demo;d1;1,60.090717,5.263733,Aanderaa Salinity PROBE,sfi_smart_ocean;demo;d1;1;AANDERAA_SALINITY,sea_water_salinity,10.15,PSU,0
2025-01-01 17:00:00+00:00,Node 1,sfi_smart_ocean;demo;d1;1,60.090717,5.263733,Aanderaa Oxygen PROBE,sfi_smart_ocean;demo;d1;1;AANDERAA_OXYGEN,dissolved_oxygen,157.5,umol L-1,0
2025-01-01 17:00:00+00:00,Node 1,sfi_smart_ocean;demo;d1;1,60.090717,5.263733,Aanderaa Turbidity PROBE,sfi_smart_ocean;demo;d1;1;AANDERAA_TURBIDITY,turbidity,168.08,NTU,0
2025-01-01 17:30:00+00:00,Node 1,sfi_smart_ocean;demo;d1;1,60.090717,5.263733,Aanderaa Temperature PROBE,sfi_smart_ocean;demo;d1;1;AANDERAA_TEMPERATURE,sea_water_temperature,0.24,degrees_C,0
2025-01-01 17:30:00+00:00,Node 1,sfi_smart_ocean;demo;d1;1,60.090717,5.263733,Aanderaa Conductivity PROBE,sfi_smart_ocean;demo;d1;1;AANDERAA_CONDUCTIVITY,sea_water_electrical_conductivity,2.205,S m-1,0
2025-01-01 17:30:00+00:00,Node 1,sfi_smart_ocean;demo;d1;1,60.090717,5.263733,Aanderaa Salinity PROBE,sfi_smart_ocean;demo;d1;1;AANDERAA_SALINITY,sea_water_salinity,30.28,PSU,0
2025-01-01 17:30:00+00:00,Node 1,sfi_smart_ocean;demo;d1;1,60.090717,5.263733,Aanderaa Oxygen PROBE,sfi_smart_ocean;demo;d1;1;AANDERAA_OXYGEN,dissolved_oxygen,266.1,umol L-1,0
2025-01-01 17:30:00+00:00,Node 1,sfi_smart_ocean;demo;d1;1,60.090717,5.263733,Aanderaa Turbidity PROBE,sfi_smart_ocean;demo;d1;1;AANDERAA_TURBIDITY,turbidity,53.33,NTU,0
2025-01-01 18:00:00+00:00,Node 1,sfi_smart_ocean;demo;d1;1,60.090717,5.263733,Aanderaa Temperature PROBE,sfi_smart_ocean;demo;d1;1;AANDERAA_TEMPERATURE,sea_water_temperature,13.45,degrees_C,0
2025-01-01 18:00:00+00:00,Node 1,sfi_smart_ocean;demo;d1;1,60.090717,5.263733,Aanderaa Conductivity PROBE,sfi_smart_ocean;demo;d1;1;AANDERAA_CONDUCTIVITY,sea_water_electrical_conductivity,4.218,S m-1,0
2025-01-01 18:00:00+00:00,Node 1,sfi_smart_ocean;demo;d1;1,60.090717,5.263733,Aanderaa Salinity PROBE,sfi_smart_ocean;demo;d1;1;AANDERAA_SALINITY,sea_water_salinity,28.23,PSU,0
2025-01-01 18:00:00+00:00,Node 1,sfi_smart_ocean;demo;d1;1,60.090717,5.263733,Aanderaa Oxygen PROBE,sfi_smart_ocean;demo;d1;1;AANDERAA_OXYGEN,dissolved_oxygen,251.1,umol L-1,0
2025-01-01 18:00:00+00:00,Node 1,sfi_smart_ocean;demo;d1;1,60.090717,5.263733,Aanderaa Turbidity PROBE,sfi_smart_ocean;demo;d1;1;AANDERAA_TURBIDITY,turbidity,51.23,NTU,0
2025-01-01 18:30:00+00:00,Node 1,sfi_smart_ocean;demo;d1;1,60.090717,5.263733,Aanderaa Temperature PROBE,sfi_smart_ocean;demo;d1;1;AANDERAA_TEMPERATURE,sea_water_temperature,-1.48,degrees_C,0
2025-01-01 18:30:00+00:00,Node 1,sfi_smart_ocean;demo;d1;1,60.090717,5.263733,Aanderaa Conductivity PROBE,sfi_smart_ocean;demo;d1;1;AANDERAA_CONDUCTIVITY,sea_water_electrical_conductivity,5.235,S m-1,0
2025-01-01 18:30:00+00:00,Node 1,sfi_smart_ocean;demo;d1;1,60.090717,5.263733,Aanderaa Salinity PROBE,sfi_smart_ocean;demo;d1;1;AANDERAA_SALINITY,sea_water_salinity,30.2,PSU,0
2025-01-01 18:30:00+00:00,Node 1,sfi_smart_ocean;demo;d1;1,60.090717,5.263733,Aanderaa Oxygen PROBE,sfi_smart_ocean;demo;d1;1;AANDERAA_OXYGEN,dissolved_oxygen,78.6,umol L-1,0
2025-01-01 18:30:00+00:00,Node 1,sfi_smart_ocean;demo;d1;1,60.090717,5.263733,Aanderaa Turbidity PROBE,sfi_smart_ocean;demo;d1;1;AANDERAA_TURBIDITY,turbidity,17.17,NTU,0
2025-01-01 19:00:00+00:00,Node 1,sfi_smart_ocean;demo;d1;1,60.090717,5.263733,Aanderaa Temperature PROBE,sfi_smart_ocean;demo;d1;1;AANDERAA_TEMPERATURE,sea_water_temperature,9.26,degrees_C,0
2025-01-01 19:00:00+00:00,Node 1,sfi_smart_ocean;demo;d1;1,60.090717,5.263733,Aanderaa Conductivity PROBE,sfi_smart_ocean;demo;d1;1;AANDERAA_CONDUCTIVITY,sea_water_electrical_conductivity,2.409,S m-1,0
2025-01-01 19:00:00+00:00,Node 1,sfi_smart_ocean;demo;d1;1,60.090717,5.263733,Aanderaa Salinity PROBE,sfi_smart_ocean;demo;d1;1;AANDERAA_SALINITY,sea_water_salinity,25.89,PSU,0
2025-01-01 19:00:00+00:00,Node 1,sfi_smart_ocean;demo;d1;1,60.090717,5.263733,Aanderaa Oxygen PROBE,sfi_smart_ocean;demo;d1;1;AANDERAA_OXYGEN,dissolved_oxygen,253.4,umol L-1,0
2025-01-01 19:00:00+00:00,Node 1,sfi_smart_ocean;demo;d1;1,60.090717,5.263733,Aanderaa Turbidity PROBE,sfi_smart_ocean;demo;d1;1;AANDERAA_TURBIDITY,turbidity,176.74,NTU,0
2025-01-01 19:30:00+00:00,Node 1,sfi_smart_ocean;demo;d1;1,60.090717,5.263733,Aanderaa Temperature PROBE,sfi_smart_ocean;demo;d1;1;AANDERAA_TEMPERATURE,sea_water_temperature,13.27,degrees_C,0
2025-01-01 19:30:00+00:00,Node 1,sfi_smart_ocean;demo;d1;1,60.090717,5.263733,Aanderaa Conductivity PROBE,sfi_smart_ocean;demo;d1;1;AANDERAA_CONDUCTIVITY,sea_water_electrical_conductivity,4.821,S m-1,0
2025-01-01 19:30:00+00:00,Node 1,sfi_smart_ocean;demo;d1;1,60.090717,5.263733,Aanderaa Salinity PROBE,sfi_smart_ocean;demo;d1;1;AANDERAA_SALINITY,sea_water_salinity,33.34,PSU,0
2025-01-01 19:30:00+00:00,Node 1,sfi_smart_ocean;demo;d1;1,60.090717,5.263733,Aanderaa Oxygen PROBE,sfi_smart_ocean;demo;d1;1;AANDERAA_OXYGEN,dissolved_oxygen,233.8,umol L-1,0
2025-01-01 19:30:00+00:00,Node 1,sfi_smart_ocean;demo;d1;1,60.090717,5.263733,Aanderaa Turbidity PROBE,sfi_smart_ocean;demo;d1;1;AANDERAA_TURBIDITY,turbidity,26.69,NTU,0
2025-01-01 20:00:00+00:00,Node 1,sfi_smart_ocean;demo;d1;1,60.090717,5.263733,Aanderaa Temperature PROBE,sfi_smart_ocean;demo;d1;1;AANDERAA_TEMPERATURE,sea_water_temperature,4.27,degrees_C,0
2025-01-01 20:00:00+00:00,Node 1,sfi_smart_ocean;demo;d1;1,60.090717,5.263733,Aanderaa Conductivity PROBE,sfi_smart_ocean;demo;d1;1;AANDERAA_CONDUCTIVITY,sea_water_electrical_conductivity,5.912,S m-1,0
2025-01-01 20:00:00+00:00,Node 1,sfi_smart_ocean;demo;d1;1,60.090717,5.263733,Aanderaa Salinity PROBE,sfi_smart_ocean;demo;d1;1;AANDERAA_SALINITY,sea_water_salinity,25.1,PSU,0
2025-01-01 20:00:00+00:00,Node 1,sfi_smart_ocean;demo;d1;1,60.090717,5.263733,Aanderaa Oxygen PROBE,sfi_smart_ocean;demo;d1;1;AANDERAA_OXYGEN,dissolved_oxygen,131.3,umol L-1,0
2025-01-01 20:00:00+00:00,Node 1,sfi_smart_ocean;demo;d1;1,60.090717,5.263733,Aanderaa Turbidity PROBE,sfi_smart_ocean;demo;d1;1;AANDERAA_TURBIDITY,turbidity,182.72,NTU,0
2025-01-01 20:30:00+00:00,Node 1,sfi_smart_ocean;demo;d1;1,60.090717,5.263733,Aanderaa Temperature PROBE,sfi_smart_ocean;demo;d1;1;AANDERAA_TEMPERATURE,sea_water_temperature,2.17,degrees_C,0
2025-01-01 20:30:00+00:00,Node 1,sfi_smart_ocean;demo;d1;1,60.090717,5.263733,Aanderaa Conductivity PROBE,sfi_smart_ocean;demo;d1;1;AANDERAA_CONDUCTIVITY,sea_water_electrical_conductivity,4.935,S m-1,0
2025-01-01 20:30:00+00:00,Node 1,sfi_smart_ocean;demo;d1;1,60.090717,5.263733,Aanderaa Salinity PROBE,sfi_smart_ocean;demo;d1;1;AANDERAA_SALINITY,sea_water_salinity,24.98,PSU,0
2025-01-01 20:30:00+00:00,Node 1,sfi_smart_ocean;demo;d1;1,60.090717,5.263733,Aanderaa Oxygen PROBE,sfi_smart_ocean;demo;d1;1;AANDERAA_OXYGEN,dissolved_oxygen,352.0,umol L-1,0
2025-01-01 20:30:00+00:00,Node 1,sfi_smart_ocean;demo;d1;1,60.090717,5.263733,Aanderaa Turbidity PROBE,sfi_smart_ocean;demo;d1;1;AANDERAA_TURBIDITY,turbidity,198.88,NTU,0
2025-01-01 21:00:00+00:00,Node 1,sfi_smart_ocean;demo;d1;1,60.090717,5.263733,Aanderaa Temperature PROBE,sfi_smart_ocean;demo;d1;1;AANDERAA_TEMPERATURE,sea_water_temperature,13.54,degrees_C,0
2025-01-01 21:00:00+00:00,Node 1,sfi_smart_ocean;demo;d1;1,60.090717,5.263733,Aanderaa Conductivity PROBE,sfi_smart_ocean;demo;d1;1;AANDERAA_CONDUCTIVITY,sea_water_electrical_conductivity,3.136,S m-1,0
2025-01-01 21:00:00+00:00,Node 1,sfi_smart_ocean;demo;d1;1,60.090717,5.263733,Aanderaa Salinity PROBE,sfi_smart_ocean;demo;d1;1;AANDERAA_SALINITY,sea_water_salinity,20.09,PSU,0
2025-01-01 21:00:00+00:00,Node 1,sfi_smart_ocean;demo;d1;1,60.090717,5.263733,Aanderaa Oxygen PROBE,sfi_smart_ocean;demo;d1;1;AANDERAA_OXYGEN,dissolved_oxygen,307.1,umol L-1,0
2025-01-01 21:00:00+00:00,Node 1,sfi_smart_ocean;demo;d1;1,60.090717,5.263733,Aanderaa Turbidity PROBE,sfi_smart_ocean;demo;d1;1;AANDERAA_TURBIDITY,turbidity,127.97,NTU,0
2025-01-01 21:30:00+00:00,Node 1,sfi_smart_ocean;demo;d1;1,60.090717,5.263733,Aanderaa Temperature PROBE,sfi_smart_ocean;demo;d1;1;AANDERAA_TEMPERATURE,sea_water_temperature,16.58,degrees_C,0
2025-01-01 21:30:00+00:00,Node 1,sfi_smart_ocean;demo;d1;1,60.090717,5.263733,Aanderaa Conductivity PROBE,sfi_smart_ocean;demo;d1;1;AANDERAA_CONDUCTIVITY,sea_water_electrical_conductivity,4.048,S m-1,0
2025-01-01 21:30:00+00:00,Node 1,sfi_smart_ocean;demo;d1;1,60.090717,5.263733,Aanderaa Salinity PROBE,sfi_smart_ocean;demo;d1;1;AANDERAA_SALINITY,sea_water_salinity,21.44,PSU,0
2025-01-01 21:30:00+00:00,Node 1,sfi_smart_ocean;demo;d1;1,60.090717,5.263733,Aanderaa Oxygen PROBE,sfi_smart_ocean;demo;d1;1;AANDERAA_OXYGEN,dissolved_oxygen,364.8,umol L-1,0
2025-01-01 21:30:00+00:00,Node 1,sfi_smart_ocean;demo;d1;1,60.090717,5.263733,Aanderaa Turbidity PROBE,sfi_smart_ocean;demo;d1;1;AANDERAA_TURBIDITY,turbidity,66.2,NTU,0
2025-01-01 22:00:00+00:00,Node 1,sfi_smart_ocean;demo;d1;1,60.090717,5.263733,Aanderaa Temperature PROBE,sfi_smart_ocean;demo;d1;1;AANDERAA_TEMPERATURE,sea_water_temperature,8.31,degrees_C,0
2025-01-01 22:00:00+00:00,Node 1,sfi_smart_ocean;demo;d1;1,60.090717,5.263733,Aanderaa Conductivity PROBE,sfi_smart_ocean;demo;d1;1;AANDERAA_CONDUCTIVITY,sea_water_electrical_conductivity,3.371,S m-1,0
2025-01-01 22:00:00+00:00,Node 1,sfi_smart_ocean;demo;d1;1,60.090717,5.263733,Aanderaa Salinity PROBE,sfi_smart_ocean;demo;d1;1;AANDERAA_SALINITY,sea_water_salinity,27.44,PSU,0
2025-01-01 22:00:00+00:00,Node 1,sfi_smart_ocean;demo;d1;1,60.090717,5.263733,Aanderaa Oxygen PROBE,sfi_smart_ocean;demo;d1;1;AANDERAA_OXYGEN,dissolved_oxygen,139.8,umol L-1,0
2025-01-01 22:00:00+00:00,Node 1,sfi_smart_ocean;demo;d1;1,60.090717,5.263733,Aanderaa Turbidity PROBE,sfi_smart_ocean;demo;d1;1;AANDERAA_TURBIDITY,turbidity,188.99,NTU,0
2025-01-01 22:30:00+00:00,Node 1,sfi_smart_ocean;demo;d1;1,60.090717,5.263733,Aanderaa Temperature PROBE,sfi_smart_ocean;demo;d1;1;AANDERAA_TEMPERATURE,sea_water_temperature,13.61,degrees_C,0
2025-01-01 22:30:00+00:00,Node 1,sfi_smart_ocean;demo;d1;1,60.090717,5.263733,Aanderaa Conductivity PROBE,sfi_smart_ocean;demo;d1;1;AANDERAA_CONDUCTIVITY,sea_water_electrical_conductivity,3.142,S m-1,0
2025-01-01 22:30:00+00:00,Node 1,sfi_smart_ocean;demo;d1;1,60.090717,5.263733,Aanderaa Salinity PROBE,sfi_smart_ocean;demo;d1;1;AANDERAA_SALINITY,sea_water_salinity,19.64,PSU,0
2025-01-01 22:30:00+00:00,Node 1,sfi_smart_ocean;demo;d1;1,60.090717,5.263733,Aanderaa Oxygen PROBE,sfi_smart_ocean;demo;d1;1;AANDERAA_OXYGEN,dissolved_oxygen,194.0,umol L-1,0
2025-01-01 22:30:00+00:00,Node 1,sfi_smart_ocean;demo;d1;1,60.090717,5.263733,Aanderaa Turbidity PROBE,sfi_smart_ocean;demo;d1;1;AANDERAA_TURBIDITY,turbidity,168.03,NTU,0
2025-01-01 23:00:00+00:00,Node 1,sfi_smart_ocean;demo;d1;1,60.090717,5.263733,Aanderaa Temperature PROBE,sfi_smart_ocean;demo;d1;1;AANDERAA_TEMPERATURE,sea_water_temperature,4.06,degrees_C,0
2025-01-01 23:00:00+00:00,Node 1,sfi_smart_ocean;demo;d1;1,60.090717,5.263733,Aanderaa Conductivity PROBE,sfi_smart_ocean;demo;d1;1;AANDERAA_CONDUCTIVITY,sea_water_electrical_conductivity,4.151,S m-1,0
2025-01-01 23:00:00+00:00,Node 1,sfi_smart_ocean;demo;d1;1,60.090717,5.263733,Aanderaa Salinity PROBE,sfi_smart_ocean;demo;d1;1;AANDERAA_SALINITY,sea_water_salinity,24.28,PSU,0
2025-01-01 23:00:00+00:00,Node 1,sfi_smart_ocean;demo;d1;1,60.090717,5.263733,Aanderaa Oxygen PROBE,sfi_smart_ocean;demo;d1;1;AANDERAA_OXYGEN,dissolved_oxygen,170.5,umol L-1,0
2025-01-01 23:00:00+00:00,Node 1,sfi_smart_ocean;demo;d1;1,60.090717,5.263733,Aanderaa Turbidity PROBE,sfi_smart_ocean;demo;d1;1;AANDERAA_TURBIDITY,turbidity,47.05,NTU,0
2025-01-01 23:30:00+00:00,Node 1,sfi_smart_ocean;demo;d1;1,60.090717,5.263733,Aanderaa Temperature PROBE,sfi_smart_ocean;demo;d1;1;AANDERAA_TEMPERATURE,sea_water_temperature,-0.71,degrees_C,0
2025-01-01 23:30:00+00:00,Node 1,sfi_smart_ocean;demo;d1;1,60.090717,5.263733,Aanderaa Conductivity PROBE,sfi_smart_ocean;demo;d1;1;AANDERAA_CONDUCTIVITY,sea_water_electrical_conductivity,5.73,S m-1,0
2025-01-01 23:30:00+00:00,Node 1,sfi_smart_ocean;demo;d1;1,60.090717,5.263733,Aanderaa Salinity PROBE,sfi_smart_ocean;demo;d1;1;AANDERAA_SALINITY,sea_water_salinity,16.14,PSU,0
2025-01-01 23:30:00+00:00,Node 1,sfi_smart_ocean;demo;d1;1,60.090717,5.263733,Aanderaa Oxygen PROBE,sfi_smart_ocean;demo;d1;1;AANDERAA_OXYGEN,dissolved_oxygen,379.7,umol L-1,0
2025-01-01 23:30:00+00:00,Node 1,sfi_smart_ocean;demo;d1;1,60.090717,5.263733,Aanderaa Turbidity PROBE,sfi_smart_ocean;demo;d1;1;AANDERAA_TURBIDITY,turbidity,176.65,NTU,0
2025-01-02 00:00:00+00:00,Node 1,sfi_smart_ocean;demo;d1;1,60.090717,5.263733,Aanderaa Temperature PROBE,sfi_smart_ocean;demo;d1;1;AANDERAA_TEMPERATURE,sea_water_temperature,11.91,degrees_C,0
2025-01-02 00:00:00+00:00,Node 1,sfi_smart_ocean;demo;d1;1,60.090717,5.263733,Aanderaa Conductivity PROBE,sfi_smart_ocean;demo;d1;1;AANDERAA_CONDUCTIVITY,sea_water_electrical_conductivity,3.771,S m-1,0
2025-01-02 00:00:00+00:00,Node 1,sfi_smart_ocean;demo;d1;1,60.090717,5.263733,Aanderaa Salinity PROBE,sfi_smart_ocean;demo;d1;1;AANDERAA_SALINITY,sea_water_salinity,30.59,PSU,0
2025-01-02 00:00:00+00:00,Node 1,sfi_smart_ocean;demo;d1;1,60.090717,5.263733,Aanderaa Oxygen PROBE,sfi_smart_ocean;demo;d1;1;AANDERAA_OXYGEN,dissolved_oxygen,254.3,umol L-1,0
2025-01-02 00:00:00+00:00,Node 1,sfi_smart_ocean;demo;d1;1,60.090717,5.263733,Aanderaa Turbidity PROBE,sfi_smart_ocean;demo;d1;1;AANDERAA_TURBIDITY,turbidity,45.84,NTU,0
2025-01-02 00:30:00+00:00,Node 1,sfi_smart_ocean;demo;d1;1,60.090717,5.263733,Aanderaa Temperature PROBE,sfi_smart_ocean;demo;d1;1;AANDERAA_TEMPERATURE,sea_water_temperature,-0.3,degrees_C,0
2025-01-02 00:30:00+00:00,Node 1,sfi_smart_ocean;demo;d1;1,60.090717,5.263733,Aanderaa Conductivity PROBE,sfi_smart_ocean;demo;d1;1;AANDERAA_CONDUCTIVITY,sea_water_electrical_conductivity,2.294,S m-1,0
2025-01-02 00:30:00+00:00,Node 1,sfi_smart_ocean;demo;d1;1,60.090717,5.263733,Aanderaa Salinity PROBE,sfi_smart_ocean;demo;d1;1;AANDERAA_SALINITY,sea_water_salinity,10.47,PSU,0
2025-01-02 00:30:00+00:00,Node 1,sfi_smart_ocean;demo;d1;1,60.090717,5.263733,Aanderaa Oxygen PROBE,sfi_smart_ocean;demo;d1;1;AANDERAA_OXYGEN,dissolved_oxygen,51.5,umol L-1,0
2025-01-02 00:30:00+00:00,Node 1,sfi_smart_ocean;demo;d1;1,60.090717,5.263733,Aanderaa Turbidity PROBE,sfi_smart_ocean;demo;d1;1;AANDERAA_TURBIDITY,turbidity,148.54,NTU,0
2025-01-02 01:00:00+00:00,Node 1,sfi_smart_ocean;demo;d1;1,60.090717,5.263733,Aanderaa Temperature PROBE,sfi_smart_ocean;demo;d1;1;AANDERAA_TEMPERATURE,sea_water_temperature,-0.38,degrees_C,0
2025-01-02 01:00:00+00:00,Node 1,sfi_smart_ocean;demo;d1;1,60.090717,5.263733,Aanderaa Conductivity PROBE,sfi_smart_ocean;demo;d1;1;AANDERAA_CONDUCTIVITY,sea_water_electrical_conductivity,4.296,S m-1,0
2025-01-02 01:00:00+00:00,Node 1,sfi_smart_ocean;demo;d1;1,60.090717,5.263733,Aanderaa Salinity PROBE,sfi_smart_ocean;demo;d1;1;AANDERAA_SALINITY,sea_water_salinity,19.33,PSU,0
2025-01-02 01:00:00+00:00,Node 1,sfi_smart_ocean;demo;d1;1,60.090717,5.263733,Aanderaa Oxygen PROBE,sfi_smart_ocean;demo;d1;1;AANDERAA_OXYGEN,dissolved_oxygen,373.0,umol L-1,0
2025-01-02 01:00:00+00:00,Node 1,sfi_smart_ocean;demo;d1;1,60.090717,5.263733,Aanderaa Turbidity PROBE,sfi_smart_ocean;demo;d1;1;AANDERAA_TURBIDITY,turbidity,74.5,NTU,0
2025-01-02 01:30:00+00:00,Node 1,sfi_smart_ocean;demo;d1;1,60.090717,5.263733,Aanderaa Temperature PROBE,sfi_smart_ocean;demo;d1;1;AANDERAA_TEMPERATURE,sea_water_temperature,9.79,degrees_C,0
2025-01-02 01:30:00+00:00,Node 1,sfi_smart_ocean;demo;d1;1,60.090717,5.263733,Aanderaa Conductivity PROBE,sfi_smart_ocean;demo;d1;1;AANDERAA_CONDUCTIVITY,sea_water_electrical_conductivity,3.266,S m-1,0
2025-01-02 01:30:00+00:00,Node 1,sfi_smart_ocean;demo;d1;1,60.090717,5.263733,Aanderaa Salinity PROBE,sfi_smart_ocean;demo;d1;1;AANDERAA_SALINITY,sea_water_salinity,16.52,PSU,0
2025-01-02 01:30:00+00:00,Node 1,sfi_smart_ocean;demo;d1;1,60.090717,5.263733,Aanderaa Oxygen PROBE,sfi_smart_ocean;demo;d1;1;AANDERAA_OXYGEN,dissolved_oxygen,264.0,umol L-1,0
2025-01-02 01:30:00+00:00,Node 1,sfi_smart_ocean;demo;d1;1,60.090717,5.263733,Aanderaa Turbidity PROBE,sfi_smart_ocean;demo;d1;1;AANDERAA_TURBIDITY,turbidity,118.78,NTU,0
2025-01-02 02:00:00+00:00,Node 1,sfi_smart_ocean;demo;d1;1,60.090717,5.263733,Aanderaa Temperature PROBE,sfi_smart_ocean;demo;d1;1;AANDERAA_TEMPERATURE,sea_water_temperature,15.33,degrees_C,0
2025-01-02 02:00:00+00:00,Node 1,sfi_smart_ocean;demo;d1;1,60.090717,5.263733,Aanderaa Conductivity PROBE,sfi_smart_ocean;demo;d1;1;AANDERAA_CONDUCTIVITY,sea_water_electrical_conductivity,4.696,S m-1,0
2025-01-02 02:00:00+00:00,Node 1,sfi_smart_ocean;demo;d1;1,60.090717,5.263733,Aanderaa Salinity PROBE,sfi_smart_ocean;demo;d1;1;AANDERAA_SALINITY,sea_water_salinity,19.41,PSU,0
2025-01-02 02:00:00+00:00,Node 1,sfi_smart_ocean;demo;d1;1,60.090717,5.263733,Aanderaa Oxygen PROBE,sfi_smart_ocean;demo;d1;1;AANDERAA_OXYGEN,dissolved_oxygen,231.4,umol L-1,0
2025-01-02 02:00:00+00:00,Node 1,sfi_smart_ocean;demo;d1;1,60.090717,5.263733,Aanderaa Turbidity PROBE,sfi_smart_ocean;demo;d1;1;AANDERAA_TURBIDITY,turbidity,163.53,NTU,0
2025-01-02 02:30:00+00:00,Node 1,sfi_smart_ocean;demo;d1;1,60.090717,5.263733,Aanderaa Temperature PROBE,sfi_smart_ocean;demo;d1;1;AANDERAA_TEMPERATURE,sea_water_temperature,19.79,degrees_C,0
2025-01-02 02:30:00+00:00,Node 1,sfi_smart_ocean;demo;d1;1,60.090717,5.263733,Aanderaa Conductivity PROBE,sfi_smart_ocean;demo;d1;1;AANDERAA_CONDUCTIVITY,sea_water_electrical_conductivity,5.86,S m-1,0
2025-01-02 02:30:00+00:00,Node 1,sfi_smart_ocean;demo;d1;1,60.090717,5.263733,Aanderaa Salinity PROBE,sfi_smart_ocean;demo;d1;1;AANDERAA_SALINITY,sea_water_salinity,36.37,PSU,0
2025-01-02 02:30:00+00:00,Node 1,sfi_smart_ocean;demo;d1;1,60.090717,5.263733,Aanderaa Oxygen PROBE,sfi_smart_ocean;demo;d1;1;AANDERAA_OXYGEN,dissolved_oxygen,323.7,umol L-1,0
2025-01-02 02:30:00+00:00,Node 1,sfi_smart_ocean;demo;d1;1,60.090717,5.263733,Aanderaa Turbidity PROBE,sfi_smart_ocean;demo;d1;1;AANDERAA_TURBIDITY,turbidity,1.98,NTU,0
2025-01-02 03:00:00+00:00,Node 1,sfi_smart_ocean;demo;d1;1,60.090717,5.263733,Aanderaa Temperature PROBE,sfi_smart_ocean;demo;d1;1;AANDERAA_TEMPERATURE,sea_water_temperature,5.06,degrees_C,0
2025-01-02 03:00:00+00:00,Node 1,sfi_smart_ocean;demo;d1;1,60.090717,5.263733,Aanderaa Conductivity PROBE,sfi_smart_ocean;demo;d1;1;AANDERAA_CONDUCTIVITY,sea_water_electrical_conductivity,4.001,S m-1,0
2025-01-02 03:00:00+00:00,Node 1,sfi_smart_ocean;demo;d1;1,60.090717,5.263733,Aanderaa Salinity PROBE,sfi_smart_ocean;demo;d1;1;AANDERAA_SALINITY,sea_water_salinity,22.63,PSU,0
2025-01-02 03:00:00+00:00,Node 1,sfi_smart_ocean;demo;d1;1,60.090717,5.263733,Aanderaa Oxygen PROBE,sfi_smart_ocean;demo;d1;1;AANDERAA_OXYGEN,dissolved_oxygen,58.8,umol L-1,0
2025-01-02 03:00:00+00:00,Node 1,sfi_smart_ocean;demo;d1;1,60.090717,5.263733,Aanderaa Turbidity PROBE,sfi_smart_ocean;demo;d1;1;AANDERAA_TURBIDITY,turbidity,78.71,NTU,0
2025-01-02 03:30:00+00:00,Node 1,sfi_smart_ocean;demo;d1;1,60.090717,5.263733,Aanderaa Temperature PROBE,sfi_smart_ocean;demo;d1;1;AANDERAA_TEMPERATURE,sea_water_temperature,6.53,degrees_C,0
2025-01-02 03:30:00+00:00,Node 1,sfi_smart_ocean;demo;d1;1,60.090717,5.263733,Aanderaa Conductivity PROBE,sfi_smart_ocean;demo;d1;1;AANDERAA_CONDUCTIVITY,sea_water_electrical_conductivity,5.471,S m-1,0
2025-01-02 03:30:00+00:00,Node 1,sfi_smart_ocean;demo;d1;1,60.090717,5.263733,Aanderaa Salinity PROBE,sfi_smart_ocean;demo;d1;1;AANDERAA_SALINITY,sea_water_salinity,31.21,PSU,0
2025-01-02 03:30:00+00:00,Node 1,sfi_smart_ocean;demo;d1;1,60.090717,5.263733,Aanderaa Oxygen PROBE,sfi_smart_ocean;demo;d1;1;AANDERAA_OXYGEN,dissolved_oxygen,429.7,umol L-1,0
2025-01-02 03:30:00+00:00,Node 1,sfi_smart_ocean;demo;d1;1,60.090717,5.263733,Aanderaa Turbidity PROBE,sfi_smart_ocean;demo;d1;1;AANDERAA_TURBIDITY,turbidity,155.8,NTU,0
2025-01-02 04:00:00+00:00,Node 1,sfi_smart_ocean;demo;d1;1,60.090717,5.263733,Aanderaa Temperature PROBE,sfi_smart_ocean;demo;d1;1;AANDERAA_TEMPERATURE,sea_water_temperature,1.34,degrees_C,0
2025-01-02 04:00:00+00:00,Node 1,sfi_smart_ocean;demo;d1;1,60.090717,5.263733,Aanderaa Conductivity PROBE,sfi_smart_ocean;demo;d1;1;AANDERAA_CONDUCTIVITY,sea_water_electrical_conductivity,2.71,S m-1,0
2025-01-02 04:00:00+00:00,Node 1,sfi_smart_ocean;demo;d1;1,60.090717,5.263733,Aanderaa Salinity PROBE,sfi_smart_ocean;demo;d1;1;AANDERAA_SALINITY,sea_water_salinity,29.8,PSU,0
2025-01-02 04:00:00+00:00,Node 1,sfi_smart_ocean;demo;d1;1,60.090717,5.263733,Aanderaa Oxygen PROBE,sfi_smart_ocean;demo;d1;1;AANDERAA_OXYGEN,dissolved_oxygen,99.9,umol L-1,0
2025-01-02 04:00:00+00:00,Node 1,sfi_smart_ocean;demo;d1;1,60.090717,5.263733,Aanderaa Turbidity PROBE,sfi_smart_ocean;demo;d1;1;AANDERAA_TURBIDITY,turbidity,92.5,NTU,0
2025-01-02 04:30:00+00:00,Node 1,sfi_smart_ocean;demo;d1;1,60.090717,5.263733,Aanderaa Temperature PROBE,sfi_smart_ocean;demo;d1;1;AANDERAA_TEMPERATURE,sea_water_temperature,16.04,degrees_C,0
2025-01-02 04:30:00+00:00,Node 1,sfi_smart_ocean;demo;d1;1,60.090717,5.263733,Aanderaa Conductivity PROBE,sfi_smart_ocean;demo;d1;1;AANDERAA_CONDUCTIVITY,sea_water_electrical_conductivity,5.175,S m-1,0
2025-01-02 04:30:00+00:00,Node 1,sfi_smart_ocean;demo;d1;1,60.090717,5.263733,Aanderaa Salinity PROBE,sfi_smart_ocean;demo;d1;1;AANDERAA_SALINITY,sea_water_salinity,12.72,PSU,0
2025-01-02 04:30:00+00:00,Node 1,sfi_smart_ocean;demo;d1;1,60.090717,5.263733,Aanderaa Oxygen PROBE,sfi_smart_ocean;demo;d1;1;AANDERAA_OXYGEN,dissolved_oxygen,225.9,umol L-1,0
2025-01-02 04:30:00+00:00,Node 1,sfi_smart_ocean;demo;d1;1,60.090717,5.263733,Aanderaa Turbidity PROBE,sfi_smart_ocean;demo;d1;1;AANDERAA_TURBIDITY,turbidity,198.24,NTU,0
2025-01-02 05:00:00+00:00,Node 1,sfi_smart_ocean;demo;d1;1,60.090717,5.263733,Aanderaa Temperature PROBE,sfi_smart_ocean;demo;d1;1;AANDERAA_TEMPERATURE,sea_water_temperature,19.62,degrees_C,0
2025-01-02 05:00:00+00:00,Node 1,sfi_smart_ocean;demo;d1;1,60.090717,5.263733,Aanderaa Conductivity PROBE,sfi_smart_ocean;demo;d1;1;AANDERAA_CONDUCTIVITY,sea_water_electrical_conductivity,5.467,S m-1,0
2025-01-02 05:00:00+00:00,Node 1,sfi_smart_ocean;demo;d1;1,60.090717,5.263733,Aanderaa Salinity PROBE,sfi_smart_ocean;demo;d1;1;AANDERAA_SALINITY,sea_water_salinity,18.37,PSU,0
2025-01-02 05:00:00+00:00,Node 1,sfi_smart_ocean;demo;d1;1,60.090717,5.263733,Aanderaa Oxygen PROBE,sfi_smart_ocean;demo;d1;1;AANDERAA_OXYGEN,dissolved_oxygen,142.2,umol L-1,0
2025-01-02 05:00:00+00:00,Node 1,sfi_smart_ocean;demo;d1;1,60.090717,5.263733,Aanderaa Turbidity PROBE,sfi_smart_ocean;demo;d1;1;AANDERAA_TURBIDITY,turbidity,173.04,NTU,0
2025-01-02 05:30:00+00:00,Node 1,sfi_smart_ocean;demo;d1;1,60.090717,5.263733,Aanderaa Temperature PROBE,sfi_smart_ocean;demo;d1;1;AANDERAA_TEMPERATURE,sea_water_temperature,9.29,degrees_C,0
2025-01-02 05:30:00+00:00,Node 1,sfi_smart_ocean;demo;d1;1,60.090717,5.263733,Aanderaa Conductivity PROBE,sfi_smart_ocean;demo;d1;1;AANDERAA_CONDUCTIVITY,sea_water_electrical_conductivity,3.21,S m-1,0
2025-01-02 05:30:00+00:00,Node 1,sfi_smart_ocean;demo;d1;1,60.090717,5.263733,Aanderaa Salinity PROBE,sfi_smart_ocean;demo;d1;1;AANDERAA_SALINITY,sea_water_salinity,20.11,PSU,0
2025-01-02 05:30:00+00:00,Node 1,sfi_smart_ocean;demo;d1;1,60.090717,5.263733,Aanderaa Oxygen PROBE,sfi_smart_ocean;demo;d1;1;AANDERAA_OXYGEN,dissolved_oxygen,91.4,umol L-1,0
2025-01-02 05:30:00+00:00,Node 1,sfi_smart_ocean;demo;d1;1,60.090717,5.263733,Aanderaa Turbidity PROBE,sfi_smart_ocean;demo;d1;1;AANDERAA_TURBIDITY,turbidity,74.88,NTU,0
2025-01-02 06:00:00+00:00,Node 1,sfi_smart_ocean;demo;d1;1,60.090717,5.263733,Aanderaa Temperature PROBE,sfi_smart_ocean;demo;d1;1;AANDERAA_TEMPERATURE,sea_water_temperature,-1.77,degrees_C,0
2025-01-02 06:00:00+00:00,Node 1,sfi_smart_ocean;demo;d1;1,60.090717,5.263733,Aanderaa Conductivity PROBE,sfi_smart_ocean;demo;d1;1;AANDERAA_CONDUCTIVITY,sea_water_electrical_conductivity,4.812,S m-1,0
2025-01-02 06:00:00+00:00,Node 1,sfi_smart_ocean;demo;d1;1,60.090717,5.263733,Aanderaa Salinity PROBE,sfi_smart_ocean;demo;d1;1;AANDERAA_SALINITY,sea_water_salinity,23.08,PSU,0
2025-01-02 06:00:00+00:00,Node 1,sfi_smart_ocean;demo;d1;1,60.090717,5.263733,Aanderaa Oxygen PROBE,sfi_smart_ocean;demo;d1;1;AANDERAA_OXYGEN,dissolved_oxygen,161.5,umol L-1,0
2025-01-02 06:00:00+00:00,Node 1,sfi_smart_ocean;demo;d1;1,60.090717,5.263733,Aanderaa Turbidity PROBE,sfi_smart_ocean;demo;d1;1;AANDERAA_TURBIDITY,turbidity,145.0,NTU,0
2025-01-02 06:30:00+00:00,Node 1,sfi_smart_ocean;demo;d1;1,60.090717,5.263733,Aanderaa Temperature PROBE,sfi_smart_ocean;demo;d1;1;AANDERAA_TEMPERATURE,sea_water_temperature,1.23,degrees_C,0
2025-01-02 06:30:00+00:00,Node 1,sfi_smart_ocean;demo;d1;1,60.090717,5.263733,Aanderaa Conductivity PROBE,sfi_smart_ocean;demo;d1;1;AANDERAA_CONDUCTIVITY,sea_water_electrical_conductivity,4.563,S m-1,0
2025-01-02 06:30:00+00:00,Node 1,sfi_smart_ocean;demo;d1;1,60.090717,5.263733,Aanderaa Salinity PROBE,sfi_smart_ocean;demo;d1;1;AANDERAA_SALINITY,sea_water_salinity,38.62,PSU,0
2025-01-02 06:30:00+00:00,Node 1,sfi_smart_ocean;demo;d1;1,60.090717,5.263733,Aanderaa Oxygen PROBE,sfi_smart_ocean;demo;d1;1;AANDERAA_OXYGEN,dissolved_oxygen,314.6,umol L-1,0
2025-01-02 06:30:00+00:00,Node 1,sfi_smart_ocean;demo;d1;1,60.090717,5.263733,Aanderaa Turbidity PROBE,sfi_smart_ocean;demo;d1;1;AANDERAA_TURBIDITY,turbidity,56.1,NTU,0
2025-01-02 07:00:00+00:00,Node 1,sfi_smart_ocean;demo;d1;1,60.090717,5.263733,Aanderaa Temperature PROBE,sfi_smart_ocean;demo;d1;1;AANDERAA_TEMPERATURE,sea_water_temperature,15.64,degrees_C,0
2025-01-02 07:00:00+00:00,Node 1,sfi_smart_ocean;demo;d1;1,60.090717,5.263733,Aanderaa Conductivity PROBE,sfi_smart_ocean;demo;d1;1;AANDERAA_CONDUCTIVITY,sea_water_electrical_conductivity,4.516,S m-1,0
2025-01-02 07:00:00+00:00,Node 1,sfi_smart_ocean;demo;d1;1,60.090717,5.263733,Aanderaa Salinity PROBE,sfi_smart_ocean;demo;d1;1;AANDERAA_SALINITY,sea_water_salinity,27.91,PSU,0
2025-01-02 07:00:00+00:00,Node 1,sfi_smart_ocean;demo;d1;1,60.090717,5.263733,Aanderaa Oxygen PROBE,sfi_smart_ocean;demo;d1;1;AANDERAA_OXYGEN,dissolved_oxygen,356.7,umol L-1,0
2025-01-02 07:00:00+00:00,Node 1,sfi_smart_ocean;demo;d1;1,60.090717,5.263733,Aanderaa Turbidity PROBE,sfi_smart_ocean;demo;d1;1;AANDERAA_TURBIDITY,turbidity,162.62,NTU,0
2025-01-02 07:30:00+00:00,Node 1,sfi_smart_ocean;demo;d1;1,60.090717,5.263733,Aanderaa Temperature PROBE,sfi_smart_ocean;demo;d1;1;AANDERAA_TEMPERATURE,sea_water_temperature,14.04,degrees_C,0
2025-01-02 07:30:00+00:00,Node 1,sfi_smart_ocean;demo;d1;1,60.090717,5.263733,Aanderaa Conductivity PROBE,sfi_smart_ocean;demo;d1;1;AANDERAA_CONDUCTIVITY,sea_water_electrical_conductivity,2.224,S m-1,0
2025-01-02 07:30:00+00:00,Node 1,sfi_smart_ocean;demo;d1;1,60.090717,5.263733,Aanderaa Salinity PROBE,sfi_smart_ocean;demo;d1;1;AANDERAA_SALINITY,sea_water_salinity,33.08,PSU,0
2025-01-02 07:30:00+00:00,Node 1,sfi_smart_ocean;demo;d1;1,60.090717,5.263733,Aanderaa Oxygen PROBE,sfi_smart_ocean;demo;d1;1;AANDERAA_OXYGEN,dissolved_oxygen,76.4,umol L-1,0
2025-01-02 07:30:00+00:00,Node 1,sfi_smart_ocean;demo;d1;1,60.090717,5.263733,Aanderaa Turbidity PROBE,sfi_smart_ocean;demo;d1;1;AANDERAA_TURBIDITY,turbidity,19.31,NTU,0
2025-01-02 08:00:00+00:00,Node 1,sfi_smart_ocean;demo;d1;1,60.090717,5.263733,Aanderaa Temperature PROBE,sfi_smart_ocean;demo;d1;1;AANDERAA_TEMPERATURE,sea_water_temperature,-0.75,degrees_C,0
2025-01-02 08:00:00+00:00,Node 1,sfi_smart_ocean;demo;d1;1,60.090717,5.263733,Aanderaa Conductivity PROBE,sfi_smart_ocean;demo;d1;1;AANDERAA_CONDUCTIVITY,sea_water_electrical_conductivity,5.687,S m-1,0
2025-01-02 08:00:00+00:00,Node 1,sfi_smart_ocean;demo;d1;1,60.090717,5.263733,Aanderaa Salinity PROBE,sfi_smart_ocean;demo;d1;1;AANDERAA_SALINITY,sea_water_salinity,37.29,PSU,0
2025-01-02 08:00:00+00:00,Node 1,sfi_smart_ocean;demo;d1;1,60.090717,5.263733,Aanderaa Oxygen PROBE,sfi_smart_ocean;demo;d1;1;AANDERAA_OXYGEN,dissolved_oxygen,103.1,umol L-1,0
2025-01-02 08:00:00+00:00,Node 1,sfi_smart_ocean;demo;d1;1,60.090717,5.263733,Aanderaa Turbidity PROBE,sfi_smart_ocean;demo;d1;1;AANDERAA_TURBIDITY,turbidity,82.86,NTU,0
2025-01-02 08:30:00+00:00,Node 1,sfi_smart_ocean;demo;d1;1,60.090717,5.263733,Aanderaa Temperature PROBE,sfi_smart_ocean;demo;d1;1;AANDERAA_TEMPERATURE,sea_water_temperature,4.92,degrees_C,0
2025-01-02 08:30:00+00:00,Node 1,sfi_smart_ocean;demo;d1;1,60.090717,5.263733,Aanderaa Conductivity PROBE,sfi_smart_ocean;demo;d1;1;AANDERAA_CONDUCTIVITY,sea_water_electrical_conductivity,3.891,S m-1,0
2025-01-02 08:30:00+00:00,Node 1,sfi_smart_ocean;demo;d1;1,60.090717,5.263733,Aanderaa Salinity PROBE,sfi_smart_ocean;demo;d1;1;AANDERAA_SALINITY,sea_water_salinity,32.2,PSU,0
2025-01-02 08:30:00+00:00,Node 1,sfi_smart_ocean;demo;d1;1,60.090717,5.263733,Aanderaa Oxygen PROBE,sfi_smart_ocean;demo;d1;1;AANDERAA_OXYGEN,dissolved_oxygen,172.2,umol L-1,0
2025-01-02 08:30:00+00:00,Node 1,sfi_smart_ocean;demo;d1;1,60.090717,5.263733,Aanderaa Turbidity PROBE,sfi_smart_ocean;demo;d1;1;AANDERAA_TURBIDITY,turbidity,49.11,NTU,0
2025-01-02 09:00:00+00:00,Node 1,sfi_smart_ocean;demo;d1;1,60.090717,5.263733,Aanderaa Temperature PROBE,sfi_smart_ocean;demo;d1;1;AANDERAA_TEMPERATURE,sea_water_temperature,-1.11,degrees_C,0
2025-01-02 09:00:00+00:00,Node 1,sfi_smart_ocean;demo;d1;1,60.090717,5.263733,Aanderaa Conductivity PROBE,sfi_smart_ocean;demo;d1;1;AANDERAA_CONDUCTIVITY,sea_water_electrical_conductivity,5.252,S m-1,0
2025-01-02 09:00:00+00:00,Node 1,sfi_smart_ocean;demo;d1;1,60.090717,5.263733,Aanderaa Salinity PROBE,sfi_smart_ocean;demo;d1;1;AANDERAA_SALINITY,sea_water_salinity,19.26,PSU,0
2025-01-02 09:00:00+00:00,Node 1,sfi_smart_ocean;demo;d1;1,60.090717,5.263733,Aanderaa Oxygen PROBE,sfi_smart_ocean;demo;d1;1;AANDERAA_OXYGEN,dissolved_oxygen,346.3,umol L-1,0
2025-01-02 09:00:00+00:00,Node 1,sfi_smart_ocean;demo;d1;1,60.090717,5.263733,Aanderaa Turbidity PROBE,sfi_smart_ocean;demo;d1;1;AANDERAA_TURBIDITY,turbidity,72.1,NTU,0
2025-01-02 09:30:00+00:00,Node 1,sfi_smart_ocean;demo;d1;1,60.090717,5.263733,Aanderaa Temperature PROBE,sfi_smart_ocean;demo;d1;1;AANDERAA_TEMPERATURE,sea_water_temperature,-1.02,degrees_C,0
2025-01-02 09:30:00+00:00,Node 1,sfi_smart_ocean;demo;d1;1,60.090717,5.263733,Aanderaa Conductivity PROBE,sfi_smart_ocean;demo;d1;1;AANDERAA_CONDUCTIVITY,sea_water_electrical_conductivity,3.403,S m-1,0
2025-01-02 09:30:00+00:00,Node 1,sfi_smart_ocean;demo;d1;1,60.090717,5.263733,Aanderaa Salinity PROBE,sfi_smart_ocean;demo;d1;1;AANDERAA_SALINITY,sea_water_salinity,35.63,PSU,0
2025-01-02 09:30:00+00:00,Node 1,sfi_smart_ocean;demo;d1;1,60.090717,5.263733,Aanderaa Oxygen PROBE,sfi_smart_ocean;demo;d1;1;AANDERAA_OXYGEN,dissolved_oxygen,360.1,umol L-1,0
2025-01-02 09:30:00+00:00,Node 1,sfi_smart_ocean;demo;d1;1,60.090717,5.263733,Aanderaa Turbidity PROBE,sfi_smart_ocean;demo;d1;1;AANDERAA_TURBIDITY,turbidity,118.96,NTU,0
2025-01-02 10:00:00+00:00,Node 1,sfi_smart_ocean;demo;d1;1,60.090717,5.263733,Aanderaa Temperature PROBE,sfi_smart_ocean;demo;d1;1;AANDERAA_TEMPERATURE,sea_water_temperature,0.98,degrees_C,0
2025-01-02 10:00:00+00:00,Node 1,sfi_smart_ocean;demo;d1;1,60.090717,5.263733,Aanderaa Conductivity PROBE,sfi_smart_ocean;demo;d1;1;AANDERAA_CONDUCTIVITY,sea_water_electrical_conductivity,4.576,S m-1,0
2025-01-02 10:00:00+00:00,Node 1,sfi_smart_ocean;demo;d1;1,60.090717,5.263733,Aanderaa Salinity PROBE,sfi_smart_ocean;demo;d1;1;AANDERAA_SALINITY,sea_water_salinity,18.06,PSU,0
2025-01-02 10:00:00+00:00,Node 1,sfi_smart_ocean;demo;d1;1,60.090717,5.263733,Aanderaa Oxygen PROBE,sfi_smart_ocean;demo;d1;1;AANDERAA_OXYGEN,dissolved_oxygen,431.3,umol L-1,0
2025-01-02 10:00:00+00:00,Node 1,sfi_smart_ocean;demo;d1;1,60.090717,5.263733,Aanderaa Turbidity PROBE,sfi_smart_ocean;demo;d1;1;AANDERAA_TURBIDITY,turbidity,129.26,NTU,0
2025-01-02 10:30:00+00:00,Node 1,sfi_smart_ocean;demo;d1;1,60.090717,5.263733,Aanderaa Temperature PROBE,sfi_smart_ocean;demo;d1;1;AANDERAA_TEMPERATURE,sea_water_temperature,-1.98,degrees_C,0
2025-01-02 10:30:00+00:00,Node 1,sfi_smart_ocean;demo;d1;1,60.090717,5.263733,Aanderaa Conductivity PROBE,sfi_smart_ocean;demo;d1;1;AANDERAA_CONDUCTIVITY,sea_water_electrical_conductivity,4.406,S m-1,0
2025-01-02 10:30:00+00:00,Node 1,sfi_smart_ocean;demo;d1;1,60.090717,5.263733,Aanderaa Salinity PROBE,sfi_smart_ocean;demo;d1;1;AANDERAA_SALINITY,sea_water_salinity,14.54,PSU,0
2025-01-02 10:30:00+00:00,Node 1,sfi_smart_ocean;demo;d1;1,60.090717,5.263733,Aanderaa Oxygen PROBE,sfi_smart_ocean;demo;d1;1;AANDERAA_OXYGEN,dissolved_oxygen,420.2,umol L-1,0
2025-01-02 10:30:00+00:00,Node 1,sfi_smart_ocean;demo;d1;1,60.090717,5.263733,Aanderaa Turbidity PROBE,sfi_smart_ocean;demo;d1;1;AANDERAA_TURBIDITY,turbidity,159.07,NTU,0
2025-01-02 11:00:00+00:00,Node 1,sfi_smart_ocean;demo;d1;1,60.090717,5.263733,Aanderaa Temperature PROBE,sfi_smart_ocean;demo;d1;1;AANDERAA_TEMPERATURE,sea_water_temperature,19.34,degrees_C,0
2025-01-02 11:00:00+00:00,Node 1,sfi_smart_ocean;demo;d1;1,60.090717,5.263733,Aanderaa Conductivity PROBE,sfi_smart_ocean;demo;d1;1;AANDERAA_CONDUCTIVITY,sea_water_electrical_conductivity,5.058,S m-1,0
2025-01-02 11:00:00+00:00,Node 1,sfi_smart_ocean;demo;d1;1,60.090717,5.263733,Aanderaa Salinity PROBE,sfi_smart_ocean;demo;d1;1;AANDERAA_SALINITY,sea_water_salinity,22.03,PSU,0
2025-01-02 11:00:00+00:00,Node 1,sfi_smart_ocean;demo;d1;1,60.090717,5.263733,Aanderaa Oxygen PROBE,sfi_smart_ocean;demo;d1;1;AANDERAA_OXYGEN,dissolved_oxygen,258.8,umol L-1,0
2025-01-02 11:00:00+00:00,Node 1,sfi_smart_ocean;demo;d1;1,60.090717,5.263733,Aanderaa Turbidity PROBE,sfi_smart_ocean;demo;d1;1;AANDERAA_TURBIDITY,turbidity,150.33,NTU,0
2025-01-02 11:30:00+00:00,Node 1,sfi_smart_ocean;demo;d1;1,60.090717,5.263733,Aanderaa Temperature PROBE,sfi_smart_ocean;demo;d1;1;AANDERAA_TEMPERATURE,sea_water_temperature,10.25,degrees_C,0
2025-01-02 11:30:00+00:00,Node 1,sfi_smart_ocean;demo;d1;1,60.090717,5.263733,Aanderaa Conductivity PROBE,sfi_smart_ocean;demo;d1;1;AANDERAA_CONDUCTIVITY,sea_water_electrical_conductivity,3.33,S m-1,0
2025-01-02 11:30:00+00:00,Node 1,sfi_smart_ocean;demo;d1;1,60.090717,5.263733,Aanderaa Salinity PROBE,sfi_smart_ocean;demo;d1;1;AANDERAA_SALINITY,sea_water_salinity,37.16,PSU,0
2025-01-02 11:30:00+00:00,Node 1,sfi_smart_ocean;demo;d1;1,60.090717,5.263733,Aanderaa Oxygen PROBE,sfi_smart_ocean;demo;d1;1;AANDERAA_OXYGEN,dissolved_oxygen,393.2,umol L-1,0
2025-01-02 11:30:00+00:00,Node 1,sfi_smart_ocean;demo;d1;1,60.090717,5.263733,Aanderaa Turbidity PROBE,sfi_smart_ocean;demo;d1;1;AANDERAA_TURBIDITY,turbidity,4.18,NTU,0
2025-01-02 12:00:00+00:00,Node 1,sfi_smart_ocean;demo;d1;1,60.090717,5.263733,Aanderaa Temperature PROBE,sfi_smart_ocean;demo;d1;1;AANDERAA_TEMPERATURE,sea_water_temperature,10.98,degrees_C,0
2025-01-02 12:00:00+00:00,Node 1,sfi_smart_ocean;demo;d1;1,60.090717,5.263733,Aanderaa Conductivity PROBE,sfi_smart_ocean;demo;d1;1;AANDERAA_CONDUCTIVITY,sea_water_electrical_conductivity,5.209,S m-1,0
2025-01-02 12:00:00+00:00,Node 1,sfi_smart_ocean;demo;d1;1,60.090717,5.263733,Aanderaa Salinity PROBE,sfi_smart_ocean;demo;d1;1;AANDERAA_SALINITY,sea_water_salinity,15.5,PSU,0
2025-01-02 12:00:00+00:00,Node 1,sfi_smart_ocean;demo;d1;1,60.090717,5.263733,Aanderaa Oxygen PROBE,sfi_smart_ocean;demo;d1;1;AANDERAA_OXYGEN,dissolved_oxygen,137.1,umol L-1,0
2025-01-02 12:00:00+00:00,Node 1,sfi_smart_ocean;demo;d1;1,60.090717,5.263733,Aanderaa Turbidity PROBE,sfi_smart_ocean;demo;d1;1;AANDERAA_TURBIDITY,turbidity,35.36,NTU,0
2025-01-02 12:30:00+00:00,Node 1,sfi_smart_ocean;demo;d1;1,60.090717,5.263733,Aanderaa Temperature PROBE,sfi_smart_ocean;demo;d1;1;AANDERAA_TEMPERATURE,sea_water_temperature,3.03,degrees_C,0
2025-01-02 12:30:00+00:00,Node 1,sfi_smart_ocean;demo;d1;1,60.090717,5.263733,Aanderaa Conductivity PROBE,sfi_smart_ocean;demo;d1;1;AANDERAA_CONDUCTIVITY,sea_water_electrical_conductivity,2.161,S m-1,0
2025-01-02 12:30:00+00:00,Node 1,sfi_smart_ocean;demo;d1;1,60.090717,5.263733,Aanderaa Salinity PROBE,sfi_smart_ocean;demo;d1;1;AANDERAA_SALINITY,sea_water_salinity,31.52,PSU,0
2025-01-02 12:30:00+00:00,Node 1,sfi_smart_ocean;demo;d1;1,60.090717,5.263733,Aanderaa Oxygen PROBE,sfi_smart_ocean;demo;d1;1;AANDERAA_OXYGEN,dissolved_oxygen,339.8,umol L-1,0
2025-01-02 12:30:00+00:00,Node 1,sfi_smart_ocean;demo;d1;1,60.090717,5.263733,Aanderaa Turbidity PROBE,sfi_smart_ocean;demo;d1;1;AANDERAA_TURBIDITY,turbidity,197.56,NTU,0
2025-01-02 13:00:00+00:00,Node 1,sfi_smart_ocean;demo;d1;1,60.090717,5.263733,Aanderaa Temperature PROBE,sfi_smart_ocean;demo;d1;1;AANDERAA_TEMPERATURE,sea_water_temperature,4.81,degrees_C,0
2025-01-02 13:00:00+00:00,Node 1,sfi_smart_ocean;demo;d1;1,60.090717,5.263733,Aanderaa Conductivity PROBE,sfi_smart_ocean;demo;d1;1;AANDERAA_CONDUCTIVITY,sea_water_electrical_conductivity,4.388,S m-1,0
2025-01-02 13:00:00+00:00,Node 1,sfi_smart_ocean;demo;d1;1,60.090717,5.263733,Aanderaa Salinity PROBE,sfi_smart_ocean;demo;d1;1;AANDERAA_SALINITY,sea_water_salinity,21.06,PSU,0
2025-01-02 13:00:00+00:00,Node 1,sfi_smart_ocean;demo;d1;1,60.090717,5.263733,Aanderaa Oxygen PROBE,sfi_smart_ocean;demo;d1;1;AANDERAA_OXYGEN,dissolved_oxygen,305.0,umol L-1,0
2025-01-02 13:00:00+00:00,Node 1,sfi_smart_ocean;demo;d1;1,60.090717,5.263733,Aanderaa Turbidity PROBE,sfi_smart_ocean;demo;d1;1;AANDERAA_TURBIDITY,turbidity,55.53,NTU,0
2025-01-02 13:30:00+00:00,Node 1,sfi_smart_ocean;demo;d1;1,60.090717,5.263733,Aanderaa Temperature PROBE,sfi_smart_ocean;demo;d1;1;AANDERAA_TEMPERATURE,sea_water_temperature,-1.47,degrees_C,0
2025-01-02 13:30:00+00:00,Node 1,sfi_smart_ocean;demo;d1;1,60.090717,5.263733,Aanderaa Conductivity PROBE,sfi_smart_ocean;demo;d1;1;AANDERAA_CONDUCTIVITY,sea_water_electrical_conductivity,3.55,S m-1,0
2025-01-02 13:30:00+00:00,Node 1,sfi_smart_ocean;demo;d1;1,60.090717,5.263733,Aanderaa Salinity PROBE,sfi_smart_ocean;demo;d1;1;AANDERAA_SALINITY,sea_water_salinity,23.41,PSU,0
2025-01-02 13:30:00+00:00,Node 1,sfi_smart_ocean;demo;d1;1,60.090717,5.263733,Aanderaa Oxygen PROBE,sfi_smart_ocean;demo;d1;1;AANDERAA_OXYGEN,dissolved_oxygen,126.8,umol L-1,0
2025-01-02 13:30:00+00:00,Node 1,sfi_smart_ocean;demo;d1;1,60.090717,5.263733,Aanderaa Turbidity PROBE,sfi_smart_ocean;demo;d1;1;AANDERAA_TURBIDITY,turbidity,178.95,NTU,0
2025-01-02 14:00:00+00:00,Node 1,sfi_smart_ocean;demo;d1;1,60.090717,5.263733,Aanderaa Temperature PROBE,sfi_smart_ocean;demo;d1;1;AANDERAA_TEMPERATURE,sea_water_temperature,15.14,degrees_C,0
2025-01-02 14:00:00+00:00,Node 1,sfi_smart_ocean;demo;d1;1,60.090717,5.263733,Aanderaa Conductivity PROBE,sfi_smart_ocean;demo;d1;1;AANDERAA_CONDUCTIVITY,sea_water_electrical_conductivity,5.197,S m-1,0
2025-01-02 14:00:00+00:00,Node 1,sfi_smart_ocean;demo;d1;1,60.090717,5.263733,Aanderaa Salinity PROBE,sfi_smart_ocean;demo;d1;1;AANDERAA_SALINITY,sea_water_salinity,11.39,PSU,0
2025-01-02 14:00:00+00:00,Node 1,sfi_smart_ocean;demo;d1;1,60.090717,5.263733,Aanderaa Oxygen PROBE,sfi_smart_ocean;demo;d1;1;AANDERAA_OXYGEN,dissolved_oxygen,159.1,umol L-1,0
2025-01-02 14:00:00+00:00,Node 1,sfi_smart_ocean;demo;d1;1,60.090717,5.263733,Aanderaa Turbidity PROBE,sfi_smart_ocean;demo;d1;1;AANDERAA_TURBIDITY,turbidity,15.29,NTU,0
2025-01-02 14:30:00+00:00,Node 1,sfi_smart_ocean;demo;d1;1,60.090717,5.263733,Aanderaa Temperature PROBE,sfi_smart_ocean;demo;d1;1;AANDERAA_TEMPERATURE,sea_water_temperature,13.06,degrees_C,0
2025-01-02 14:30:00+00:00,Node 1,sfi_smart_ocean;demo;d1;1,60.090717,5.263733,Aanderaa Conductivity PROBE,sfi_smart_ocean;demo;d1;1;AANDERAA_CONDUCTIVITY,sea_water_electrical_conductivity,4.953,S m-1,0
2025-01-02 14:30:00+00:00,Node 1,sfi_smart_ocean;demo;d1;1,60.090717,5.263733,Aanderaa Salinity PROBE,sfi_smart_ocean;demo;d1;1;AANDERAA_SALINITY,sea_water_salinity,20.08,PSU,0
2025-01-02 14:30:00+00:00,Node 1,sfi_smart_ocean;demo;d1;1,60.090717,5.263733,Aanderaa Oxygen PROBE,sfi_smart_ocean;demo;d1;1;AANDERAA_OXYGEN,dissolved_oxygen,328.6,umol L-1,0
2025-01-02 14:30:00+00:00,Node 1,sfi_smart_ocean;demo;d1;1,60.090717,5.263733,Aanderaa Turbidity PROBE,sfi_smart_ocean;demo;d1;1;AANDERAA_TURBIDITY,turbidity,63.71,NTU,0
2025-01-02 15:00:00+00:00,Node 1,sfi_smart_ocean;demo;d1;1,60.090717,5.263733,Aanderaa Temperature PROBE,sfi_smart_ocean;demo;d1;1;AANDERAA_TEMPERATURE,sea_water_temperature,17.32,degrees_C,0
2025-01-02 15:00:00+00:00,Node 1,sfi_smart_ocean;demo;d1;1,60.090717,5.263733,Aanderaa Conductivity PROBE,sfi_smart_ocean;demo;d1;1;AANDERAA_CONDUCTIVITY,sea_water_electrical_conductivity,2.011,S m-1,0
2025-01-02 15:00:00+00:00,Node 1,sfi_smart_ocean;demo;d1;1,60.090717,5.263733,Aanderaa Salinity PROBE,sfi_smart_ocean;demo;d1;1;AANDERAA_SALINITY,sea_water_salinity,17.68,PSU,0
2025-01-02 15:00:00+00:00,Node 1,sfi_smart_ocean;demo;d1;1,60.090717,5.263733,Aanderaa Oxygen PROBE,sfi_smart_ocean;demo;d1;1;AANDERAA_OXYGEN,dissolved_oxygen,104.6,umol L-1,0
2025-01-02 15:00:00+00:00,Node 1,sfi_smart_ocean;demo;d1;1,60.090717,5.263733,Aanderaa Turbidity PROBE,sfi_smart_ocean;demo;d1;1;AANDERAA_TURBIDITY,turbidity,28.22,NTU,0
2025-01-02 15:30:00+00:00,Node 1,sfi_smart_ocean;demo;d1;1,60.090717,5.263733,Aanderaa Temperature PROBE,sfi_smart_ocean;demo;d1;1;AANDERAA_TEMPERATURE,sea_water_temperature,4.15,degrees_C,0
2025-01-02 15:30:00+00:00,Node 1,sfi_smart_ocean;demo;d1;1,60.090717,5.263733,Aanderaa Conductivity PROBE,sfi_smart_ocean;demo;d1;1;AANDERAA_CONDUCTIVITY,sea_water_electrical_conductivity,2.551,S m-1,0
2025-01-02 15:30:00+00:00,Node 1,sfi_smart_ocean;demo;d1;1,60.090717,5.263733,Aanderaa Salinity PROBE,sfi_smart_ocean;demo;d1;1;AANDERAA_SALINITY,sea_water_salinity,18.84,PSU,0
2025-01-02 15:30:00+00:00,Node 1,sfi_smart_ocean;demo;d1;1,60.090717,5.263733,Aanderaa Oxygen PROBE,sfi_smart_ocean;demo;d1;1;AANDERAA_OXYGEN,dissolved_oxygen,333.5,umol L-1,0
2025-01-02 15:30:00+00:00,Node 1,sfi_smart_ocean;demo;d1;1,60.090717,5.263733,Aanderaa Turbidity PROBE,sfi_smart_ocean;demo;d1;1;AANDERAA_TURBIDITY,turbidity,57.32,NTU,0
2025-01-02 16:00:00+00:00,Node 1,sfi_smart_ocean;demo;d1;1,60.090717,5.263733,Aanderaa Temperature PROBE,sfi_smart_ocean;demo;d1;1;AANDERAA_TEMPERATURE,sea_water_temperature,7.61,degrees_C,0
2025-01-02 16:00:00+00:00,Node 1,sfi_smart_ocean;demo;d1;1,60.090717,5.263733,Aanderaa Conductivity PROBE,sfi_smart_ocean;demo;d1;1;AANDERAA_CONDUCTIVITY,sea_water_electrical_conductivity,3.798,S m-1,0
2025-01-02 16:00:00+00:00,Node 1,sfi_smart_ocean;demo;d1;1,60.090717,5.263733,Aanderaa Salinity PROBE,sfi_smart_ocean;demo;d1;1;AANDERAA_SALINITY,sea_water_salinity,27.07,PSU,0
2025-01-02 16:00:00+00:00,Node 1,sfi_smart_ocean;demo;d1;1,60.090717,5.263733,Aanderaa Oxygen PROBE,sfi_smart_ocean;demo;d1;1;AANDERAA_OXYGEN,dissolved_oxygen,86.5,umol L-1,0
2025-01-02 16:00:00+00:00,Node 1,sfi_smart_ocean;demo;d1;1,60.090717,5.263733,Aanderaa Turbidity PROBE,sfi_smart_ocean;demo;d1;1;AANDERAA_TURBIDITY,turbidity,148.79,NTU,0
2025-01-02 16:30:00+00:00,Node 1,sfi_smart_ocean;demo;d1;1,60.090717,5.263733,Aanderaa Temperature PROBE,sfi_smart_ocean;demo;d1;1;AANDERAA_TEMPERATURE,sea_water_temperature,0.54,degrees_C,0
2025-01-02 16:30:00+00:00,Node 1,sfi_smart_ocean;demo;d1;1,60.090717,5.263733,Aanderaa Conductivity PROBE,sfi_smart_ocean;demo;d1;1;AANDERAA_CONDUCTIVITY,sea_water_electrical_conductivity,2.592,S m-1,0
2025-01-02 16:30:00+00:00,Node 1,sfi_smart_ocean;demo;d1;1,60.090717,5.263733,Aanderaa Salinity PROBE,sfi_smart_ocean;demo;d1;1;AANDERAA_SALINITY,sea_water_salinity,19.58,PSU,0
2025-01-02 16:30:00+00:00,Node 1,sfi_smart_ocean;demo;d1;1,60.090717,5.263733,Aanderaa Oxygen PROBE,sfi_smart_ocean;demo;d1;1;AANDERAA_OXYGEN,dissolved_oxygen,68.3,umol L-1,0
2025-01-02 16:30:00+00:00,Node 1,sfi_smart_ocean;demo;d1;1,60.090717,5.263733,Aanderaa Turbidity PROBE,sfi_smart_ocean;demo;d1;1;AANDERAA_TURBIDITY,turbidity,7.34,NTU,0
2025-01-02 17:00:00+00:00,Node 1,sfi_smart_ocean;demo;d1;1,60.090717,5.263733,Aanderaa Temperature PROBE,sfi_smart_ocean;demo;d1;1;AANDERAA_TEMPERATURE,sea_water_temperature,2.45,degrees_C,0
2025-01-02 17:00:00+00:00,Node 1,sfi_smart_ocean;demo;d1;1,60.090717,5.263733,Aanderaa Conductivity PROBE,sfi_smart_ocean;demo;d1;1;AANDERAA_CONDUCTIVITY,sea_water_electrical_conductivity,4.559,S m-1,0
2025-01-02 17:00:00+00:00,Node 1,sfi_smart_ocean;demo;d1;1,60.090717,5.263733,Aanderaa Salinity PROBE,sfi_smart_ocean;demo;d1;1;AANDERAA_SALINITY,sea_water_salinity,23.06,PSU,0
2025-01-02 17:00:00+00:00,Node 1,sfi_smart_ocean;demo;d1;1,60.090717,5.263733,Aanderaa Oxygen PROBE,sfi_smart_ocean;demo;d1;1;AANDERAA_OXYGEN,dissolved_oxygen,195.9,umol L-1,0
2025-01-02 17:00:00+00:00,Node 1,sfi_smart_ocean;demo;d1;1,60.090717,5.263733,Aanderaa Turbidity PROBE,sfi_smart_ocean;demo;d1;1;AANDERAA_TURBIDITY,turbidity,35.02,NTU,0
2025-01-02 17:30:00+00:00,Node 1,sfi_smart_ocean;demo;d1;1,60.090717,5.263733,Aanderaa Temperature PROBE,sfi_smart_ocean;demo;d1;1;AANDERAA_TEMPERATURE,sea_water_temperature,5.68,degrees_C,0
2025-01-02 17:30:00+00:00,Node 1,sfi_smart_ocean;demo;d1;1,60.090717,5.263733,Aanderaa Conductivity PROBE,sfi_smart_ocean;demo;d1;1;AANDERAA_CONDUCTIVITY,sea_water_electrical_conductivity,2.146,S m-1,0
2025-01-02 17:30:00+00:00,Node 1,sfi_smart_ocean;demo;d1;1,60.090717,5.263733,Aanderaa Salinity PROBE,sfi_smart_ocean;demo;d1;1;AANDERAA_SALINITY,sea_water_salinity,24.35,PSU,0
2025-01-02 17:30:00+00:00,Node 1,sfi_smart_ocean;demo;d1;1,60.090717,5.263733,Aanderaa Oxygen PROBE,sfi_smart_ocean;demo;d1;1;AANDERAA_OXYGEN,dissolved_oxygen,391.0,umol L-1,0
2025-01-02 17:30:00+00:00,Node 1,sfi_smart_ocean;demo;d1;1,60.090717,5.263733,Aanderaa Turbidity PROBE,sfi_smart_ocean;demo;d1;1;AANDERAA_TURBIDITY,turbidity,148.64,NTU,0
2025-01-02 18:00:00+00:00,Node 1,sfi_smart_ocean;demo;d1;1,60.090717,5.263733,Aanderaa Temperature PROBE,sfi_smart_ocean;demo;d1;1;AANDERAA_TEMPERATURE,sea_water_temperature,12.75,degrees_C,0
2025-01-02 18:00:00+00:00,Node 1,sfi_smart_ocean;demo;d1;1,60.090717,5.263733,Aanderaa Conductivity PROBE,sfi_smart_ocean;demo;d1;1;AANDERAA_CONDUCTIVITY,sea_water_electrical_conductivity,5.86,S m-1,0
2025-01-02 18:00:00+00:00,Node 1,sfi_smart_ocean;demo;d1;1,60.090717,5.263733,Aanderaa Salinity PROBE,sfi_smart_ocean;demo;d1;1;AANDERAA_SALINITY,sea_water_salinity,38.67,PSU,0
2025-01-02 18:00:00+00:00,Node 1,sfi_smart_ocean;demo;d1;1,60.090717,5.263733,Aanderaa Oxygen PROBE,sfi_smart_ocean;demo;d1;1;AANDERAA_OXYGEN,dissolved_oxygen,66.1,umol L-1,0
2025-01-02 18:00:00+00:00,Node 1,sfi_smart_ocean;demo;d1;1,60.090717,5.263733,Aanderaa Turbidity PROBE,sfi_smart_ocean;demo;d1;1;AANDERAA_TURBIDITY,turbidity,165.23,NTU,0
2025-01-02 18:30:00+00:00,Node 1,sfi_smart_ocean;demo;d1;1,60.090717,5.263733,Aanderaa Temperature PROBE,sfi_smart_ocean;demo;d1;1;AANDERAA_TEMPERATURE,sea_water_temperature,9.67,degrees_C,0
2025-01-02 18:30:00+00:00,Node 1,sfi_smart_ocean;demo;d1;1,60.090717,5.263733,Aanderaa Conductivity PROBE,sfi_smart_ocean;demo;d1;1;AANDERAA_CONDUCTIVITY,sea_water_electrical_conductivity,3.826,S m-1,0
2025-01-02 18:30:00+00:00,Node 1,sfi_smart_ocean;demo;d1;1,60.090717,5.263733,Aanderaa Salinity PROBE,sfi_smart_ocean;demo;d1;1;AANDERAA_SALINITY,sea_water_salinity,20.13,PSU,0
2025-01-02 18:30:00+00:00,Node 1,sfi_smart_ocean;demo;d1;1,60.090717,5.263733,Aanderaa Oxygen PROBE,sfi_smart_ocean;demo;d1;1;AANDERAA_OXYGEN,dissolved_oxygen,147.8,umol L-1,0
2025-01-02 18:30:00+00:00,Node 1,sfi_smart_ocean;demo;d1;1,60.090717,5.263733,Aanderaa Turbidity PROBE,sfi_smart_ocean;demo;d1;1;AANDERAA_TURBIDITY,turbidity,175.32,NTU,0
2025-01-02 19:00:00+00:00,Node 1,sfi_smart_ocean;demo;d1;1,60.090717,5.263733,Aanderaa Temperature PROBE,sfi_smart_ocean;demo;d1;1;AANDERAA_TEMPERATURE,sea_water_temperature,14.67,degrees_C,0
2025-01-02 19:00:00+00:00,Node 1,sfi_smart_ocean;demo;d1;1,60.090717,5.263733,Aanderaa Conductivity PROBE,sfi_smart_ocean;demo;d1;1;AANDERAA_CONDUCTIVITY,sea_water_electrical_conductivity,2.644,S m-1,0
2025-01-02 19:00:00+00:00,Node 1,sfi_smart_ocean;demo;d1;1,60.090717,5.263733,Aanderaa Salinity PROBE,sfi_smart_ocean;demo;d1;1;AANDERAA_SALINITY,sea_water_salinity,39.59,PSU,0
2025-01-02 19:00:00+00:00,Node 1,sfi_smart_ocean;demo;d1;1,60.090717,5.263733,Aanderaa Oxygen PROBE,sfi_smart_ocean;demo;d1;1;AANDERAA_OXYGEN,dissolved_oxygen,247.2,umol L-1,0
2025-01-02 19:00:00+00:00,Node 1,sfi_smart_ocean;demo;d1;1,60.090717,5.263733,Aanderaa Turbidity PROBE,sfi_smart_ocean;demo;d1;1;AANDERAA_TURBIDITY,turbidity,51.52,NTU,0
2025-01-02 19:30:00+00:00,Node 1,sfi_smart_ocean;demo;d1;1,60.090717,5.263733,Aanderaa Temperature PROBE,sfi_smart_ocean;demo;d1;1;AANDERAA_TEMPERATURE,sea_water_temperature,14.9,degrees_C,0
2025-01-02 19:30:00+00:00,Node 1,sfi_smart_ocean;demo;d1;1,60.090717,5.263733,Aanderaa Conductivity PROBE,sfi_smart_ocean;demo;d1;1;AANDERAA_CONDUCTIVITY,sea_water_electrical_conductivity,4.893,S m-1,0
2025-01-02 19:30:00+00:00,Node 1,sfi_smart_ocean;demo;d1;1,60.090717,5.263733,Aanderaa Salinity PROBE,sfi_smart_ocean;demo;d1;1;AANDERAA_SALINITY,sea_water_salinity,18.33,PSU,0
2025-01-02 19:30:00+00:00,Node 1,sfi_smart_ocean;demo;d1;1,60.090717,5.263733,Aanderaa Oxygen PROBE,sfi_smart_ocean;demo;d1;1;AANDERAA_OXYGEN,dissolved_oxygen,276.9,umol L-1,0
2025-01-02 19:30:00+00:00,Node 1,sfi_smart_ocean;demo;d1;1,60.090717,5.263733,Aanderaa Turbidity PROBE,sfi_smart_ocean;demo;d1;1;AANDERAA_TURBIDITY,turbidity,166.06,NTU,0
2025-01-02 20:00:00+00:00,Node 1,sfi_smart_ocean;demo;d1;1,60.090717,5.263733,Aanderaa Temperature PROBE,sfi_smart_ocean;demo;d1;1;AANDERAA_TEMPERATURE,sea_water_temperature,3.63,degrees_C,0
2025-01-02 20:00:00+00:00,Node 1,sfi_smart_ocean;demo;d1;1,60.090717,5.263733,Aanderaa Conductivity PROBE,sfi_smart_ocean;demo;d1;1;AANDERAA_CONDUCTIVITY,sea_water_electrical_conductivity,2.764,S m-1,0
2025-01-02 20:00:00+00:00,Node 1,sfi_smart_ocean;demo;d1;1,60.090717,5.263733,Aanderaa Salinity PROBE,sfi_smart_ocean;demo;d1;1;AANDERAA_SALINITY,sea_water_salinity,26.33,PSU,0
2025-01-02 20:00:00+00:00,Node 1,sfi_smart_ocean;demo;d1;1,60.090717,5.263733,Aanderaa Oxygen PROBE,sfi_smart_ocean;demo;d1;1;AANDERAA_OXYGEN,dissolved_oxygen,419.7,umol L-1,0
2025-01-02 20:00:00+00:00,Node 1,sfi_smart_ocean;demo;d1;1,60.090717,5.263733,Aanderaa Turbidity PROBE,sfi_smart_ocean;demo;d1;1;AANDERAA_TURBIDITY,turbidity,82.09,NTU,0
2025-01-02 20:30:00+00:00,Node 1,sfi_smart_ocean;demo;d1;1,60.090717,5.263733,Aanderaa Temperature PROBE,sfi_smart_ocean;demo;d1;1;AANDERAA_TEMPERATURE,sea_water_temperature,2.7,degrees_C,0
2025-01-02 20:30:00+00:00,Node 1,sfi_smart_ocean;demo;d1;1,60.090717,5.263733,Aanderaa Conductivity PROBE,sfi_smart_ocean;demo;d1;1;AANDERAA_CONDUCTIVITY,sea_water_electrical_conductivity,4.748,S m-1,0
2025-01-02 20:30:00+00:00,Node 1,sfi_smart_ocean;demo;d1;1,60.090717,5.263733,Aanderaa Salinity PROBE,sfi_smart_ocean;demo;d1;1;AANDERAA_SALINITY,sea_water_salinity,11.68,PSU,0
2025-01-02 20:30:00+00:00,Node 1,sfi_smart_ocean;demo;d1;1,60.090717,5.263733,Aanderaa Oxygen PROBE,sfi_smart_ocean;demo;d1;1;AANDERAA_OXYGEN,dissolved_oxygen,114.2,umol L-1,0
2025-01-02 20:30:00+00:00,Node 1,sfi_smart_ocean;demo;d1;1,60.090717,5.263733,Aanderaa Turbidity PROBE,sfi_smart_ocean;demo;d1;1;AANDERAA_TURBIDITY,turbidity,21.18,NTU,0
2025-01-02 21:00:00+00:00,Node 1,sfi_smart_ocean;demo;d1;1,60.090717,5.263733,Aanderaa Temperature PROBE,sfi_smart_ocean;demo;d1;1;AANDERAA_TEMPERATURE,sea_water_temperature,16.06,degrees_C,0
2025-01-02 21:00:00+00:00,Node 1,sfi_smart_ocean;demo;d1;1,60.090717,5.263733,Aanderaa Conductivity PROBE,sfi_smart_ocean;demo;d1;1;AANDERAA_CONDUCTIVITY,sea_water_electrical_conductivity,2.697,S m-1,0
2025-01-02 21:00:00+00:00,Node 1,sfi_smart_ocean;demo;d1;1,60.090717,5.263733,Aanderaa Salinity PROBE,sfi_smart_ocean;demo;d1;1;AANDERAA_SALINITY,sea_water_salinity,28.8,PSU,0
2025-01-02 21:00:00+00:00,Node 1,sfi_smart_ocean;demo;d1;1,60.090717,5.263733,Aanderaa Oxygen PROBE,sfi_smart_ocean;demo;d1;1;AANDERAA_OXYGEN,dissolved_oxygen,245.7,umol L-1,0
2025-01-02 21:00:00+00:00,Node 1,sfi_smart_ocean;demo;d1;1,60.090717,5.263733,Aanderaa Turbidity PROBE,sfi_smart_ocean;demo;d1;1;AANDERAA_TURBIDITY,turbidity,121.63,NTU,0
2025-01-02 21:30:00+00:00,Node 1,sfi_smart_ocean;demo;d1;1,60.090717,5.263733,Aanderaa Temperature PROBE,sfi_smart_ocean;demo;d1;1;AANDERAA_TEMPERATURE,sea_water_temperature,5.73,degrees_C,0
2025-01-02 21:30:00+00:00,Node 1,sfi_smart_ocean;demo;d1;1,60.090717,5.263733,Aanderaa Conductivity PROBE,sfi_smart_ocean;demo;d1;1;AANDERAA_CONDUCTIVITY,sea_water_electrical_conductivity,4.359,S m-1,0
2025-01-02 21:30:00+00:00,Node 1,sfi_smart_ocean;demo;d1;1,60.090717,5.263733,Aanderaa Salinity PROBE,sfi_smart_ocean;demo;d1;1;AANDERAA_SALINITY,sea_water_salinity,19.13,PSU,0
2025-01-02 21:30:00+00:00,Node 1,sfi_smart_ocean;demo;d1;1,60.090717,5.263733,Aanderaa Oxygen PROBE,sfi_smart_ocean;demo;d1;1;AANDERAA_OXYGEN,dissolved_oxygen,55.4,umol L-1,0
2025-01-02 21:30:00+00:00,Node 1,sfi_smart_ocean;demo;d1;1,60.090717,5.263733,Aanderaa Turbidity PROBE,sfi_smart_ocean;demo;d1;1;AANDERAA_TURBIDITY,turbidity,86.02,NTU,0
2025-01-02 22:00:00+00:00,Node 1,sfi_smart_ocean;demo;d1;1,60.090717,5.263733,Aanderaa Temperature PROBE,sfi_smart_ocean;demo;d1;1;AANDERAA_TEMPERATURE,sea_water_temperature,17.84,degrees_C,0
2025-01-02 22:00:00+00:00,Node 1,sfi_smart_ocean;demo;d1;1,60.090717,5.263733,Aanderaa Conductivity PROBE,sfi_smart_ocean;demo;d1;1;AANDERAA_CONDUCTIVITY,sea_water_electrical_conductivity,4.694,S m-1,0
2025-01-02 22:00:00+00:00,Node 1,sfi_smart_ocean;demo;d1;1,60.090717,5.263733,Aanderaa Salinity PROBE,sfi_smart_ocean;demo;d1;1;AANDERAA_SALINITY,sea_water_salinity,35.74,PSU,0
2025-01-02 22:00:00+00:00,Node 1,sfi_smart_ocean;demo;d1;1,60.090717,5.263733,Aanderaa Oxygen PROBE,sfi_smart_ocean;demo;d1;1;AANDERAA_OXYGEN,dissolved_oxygen,412.0,umol L-1,0
2025-01-02 22:00:00+00:00,Node 1,sfi_smart_ocean;demo;d1;1,60.090717,5.263733,Aanderaa Turbidity PROBE,sfi_smart_ocean;demo;d1;1;AANDERAA_TURBIDITY,turbidity,124.21,NTU,0
2025-01-02 22:30:00+00:00,Node 1,sfi_smart_ocean;demo;d1;1,60.090717,5.263733,Aanderaa Temperature PROBE,sfi_smart_ocean;demo;d1;1;AANDERAA_TEMPERATURE,sea_water_temperature,6.16,degrees_C,0
2025-01-02 22:30:00+00:00,Node 1,sfi_smart_ocean;demo;d1;1,60.090717,5.263733,Aanderaa Conductivity PROBE,sfi_smart_ocean;demo;d1;1;AANDERAA_CONDUCTIVITY,sea_water_electrical_conductivity,3.553,S m-1,0
2025-01-02 22:30:00+00:00,Node 1,sfi_smart_ocean;demo;d1;1,60.090717,5.263733,Aanderaa Salinity PROBE,sfi_smart_ocean;demo;d1;1;AANDERAA_SALINITY,sea_water_salinity,38.58,PSU,0
2025-01-02 22:30:00+00:00,Node 1,sfi_smart_ocean;demo;d1;1,60.090717,5.263733,Aanderaa Oxygen PROBE,sfi_smart_ocean;demo;d1;1;AANDERAA_OXYGEN,dissolved_oxygen,282.6,umol L-1,0
2025-01-02 22:30:00+00:00,Node 1,sfi_smart_ocean;demo;d1;1,60.090717,5.263733,Aanderaa Turbidity PROBE,sfi_smart_ocean;demo;d1;1;AANDERAA_TURBIDITY,turbidity,127.87,NTU,0
2025-01-02 23:00:00+00:00,Node 1,sfi_smart_ocean;demo;d1;1,60.090717,5.263733,Aanderaa Temperature PROBE,sfi_smart_ocean;demo;d1;1;AANDERAA_TEMPERATURE,sea_water_temperature,13.69,degrees_C,0
2025-01-02 23:00:00+00:00,Node 1,sfi_smart_ocean;demo;d1;1,60.090717,5.263733,Aanderaa Conductivity PROBE,sfi_smart_ocean;demo;d1;1;AANDERAA_CONDUCTIVITY,sea_water_electrical_conductivity,5.942,S m-1,0
2025-01-02 23:00:00+00:00,Node 1,sfi_smart_ocean;demo;d1;1,60.090717,5.263733,Aanderaa Salinity PROBE,sfi_smart_ocean;demo;d1;1;AANDERAA_SALINITY,sea_water_salinity,32.58,PSU,0
2025-01-02 23:00:00+00:00,Node 1,sfi_smart_ocean;demo;d1;1,60.090717,5.263733,Aanderaa Oxygen PROBE,sfi_smart_ocean;demo;d1;1;AANDERAA_OXYGEN,dissolved_oxygen,159.8,umol L-1,0
2025-01-02 23:00:00+00:00,Node 1,sfi_smart_ocean;demo;d1;1,60.090717,5.263733,Aanderaa Turbidity PROBE,sfi_smart_ocean;demo;d1;1;AANDERAA_TURBIDITY,turbidity,1.48,NTU,0
2025-01-02 23:30:00+00:00,Node 1,sfi_smart_ocean;demo;d1;1,60.090717,5.263733,Aanderaa Temperature PROBE,sfi_smart_ocean;demo;d1;1;AANDERAA_TEMPERATURE,sea_water_temperature,14.88,degrees_C,0
2025-01-02 23:30:00+00:00,Node 1,sfi_smart_ocean;demo;d1;1,60.090717,5.263733,Aanderaa Conductivity PROBE,sfi_smart_ocean;demo;d1;1;AANDERAA_CONDUCTIVITY,sea_water_electrical_conductivity,3.986,S m-1,0
2025-01-02 23:30:00+00:00,Node 1,sfi_smart_ocean;demo;d1;1,60.090717,5.263733,Aanderaa Salinity PROBE,sfi_smart_ocean;demo;d1;1;AANDERAA_SALINITY,sea_water_salinity,22.47,PSU,0
2025-01-02 23:30:00+00:00,Node 1,sfi_smart_ocean;demo;d1;1,60.090717,5.263733,Aanderaa Oxygen PROBE,sfi_smart_ocean;demo;d1;1;AANDERAA_OXYGEN,dissolved_oxygen,388.5,umol L-1,0
2025-01-02 23:30:00+00:00,Node 1,sfi_smart_ocean;demo;d1;1,60.090717,5.263733,Aanderaa Turbidity PROBE,sfi_smart_ocean;demo;d1;1;AANDERAA_TURBIDITY,turbidity,101.15,NTU,0
2025-01-03 00:00:00+00:00,Node 1,sfi_smart_ocean;demo;d1;1,60.090717,5.263733,Aanderaa Temperature PROBE,sfi_smart_ocean;demo;d1;1;AANDERAA_TEMPERATURE,sea_water_temperature,4.72,degrees_C,0
2025-01-03 00:00:00+00:00,Node 1,sfi_smart_ocean;demo;d1;1,60.090717,5.263733,Aanderaa Conductivity PROBE,sfi_smart_ocean;demo;d1;1;AANDERAA_CONDUCTIVITY,sea_water_electrical_conductivity,2.746,S m-1,0
2025-01-03 00:00:00+00:00,Node 1,sfi_smart_ocean;demo;d1;1,60.090717,5.263733,Aanderaa Salinity PROBE,sfi_smart_ocean;demo;d1;1;AANDERAA_SALINITY,sea_water_salinity,26.63,PSU,0
2025-01-03 00:00:00+00:00,Node 1,sfi_smart_ocean;demo;d1;1,60.090717,5.263733,Aanderaa Oxygen PROBE,sfi_smart_ocean;demo;d1;1;AANDERAA_OXYGEN,dissolved_oxygen,98.1,umol L-1,0
2025-01-03 00:00:00+00:00,Node 1,sfi_smart_ocean;demo;d1;1,60.090717,5.263733,Aanderaa Turbidity PROBE,sfi_smart_ocean;demo;d1;1;AANDERAA_TURBIDITY,turbidity,89.94,NTU,0
2025-01-03 00:30:00+00:00,Node 1,sfi_smart_ocean;demo;d1;1,60.090717,5.263733,Aanderaa Temperature PROBE,sfi_smart_ocean;demo;d1;1;AANDERAA_TEMPERATURE,sea_water_temperature,10.07,degrees_C,0
2025-01-03 00:30:00+00:00,Node 1,sfi_smart_ocean;demo;d1;1,60.090717,5.263733,Aanderaa Conductivity PROBE,sfi_smart_ocean;demo;d1;1;AANDERAA_CONDUCTIVITY,sea_water_electrical_conductivity,2.752,S m-1,0
2025-01-03 00:30:00+00:00,Node 1,sfi_smart_ocean;demo;d1;1,60.090717,5.263733,Aanderaa Salinity PROBE,sfi_smart_ocean;demo;d1;1;AANDERAA_SALINITY,sea_water_salinity,25.84,PSU,0
2025-01-03 00:30:00+00:00,Node 1,sfi_smart_ocean;demo;d1;1,60.090717,5.263733,Aanderaa Oxygen PROBE,sfi_smart_ocean;demo;d1;1;AANDERAA_OXYGEN,dissolved_oxygen,321.1,umol L-1,0
2025-01-03 00:30:00+00:00,Node 1,sfi_smart_ocean;demo;d1;1,60.090717,5.263733,Aanderaa Turbidity PROBE,sfi_smart_ocean;demo;d1;1;AANDERAA_TURBIDITY,turbidity,115.81,NTU,0
2025-01-03 01:00:00+00:00,Node 1,sfi_smart_ocean;demo;d1;1,60.090717,5.263733,Aanderaa Temperature PROBE,sfi_smart_ocean;demo;d1;1;AANDERAA_TEMPERATURE,sea_water_temperature,2.64,degrees_C,0
2025-01-03 01:00:00+00:00,Node 1,sfi_smart_ocean;demo;d1;1,60.090717,5.263733,Aanderaa Conductivity PROBE,sfi_smart_ocean;demo;d1;1;AANDERAA_CONDUCTIVITY,sea_water_electrical_conductivity,2.02,S m-1,0
2025-01-03 01:00:00+00:00,Node 1,sfi_smart_ocean;demo;d1;1,60.090717,5.263733,Aanderaa Salinity PROBE,sfi_smart_ocean;demo;d1;1;AANDERAA_SALINITY,sea_water_salinity,17.84,PSU,0
2025-01-03 01:00:00+00:00,Node 1,sfi_smart_ocean;demo;d1;1,60.090717,5.263733,Aanderaa Oxygen PROBE,sfi_smart_ocean;demo;d1;1;AANDERAA_OXYGEN,dissolved_oxygen,125.6,umol L-1,0
2025-01-03 01:00:00+00:00,Node 1,sfi_smart_ocean;demo;d1;1,60.090717,5.263733,Aanderaa Turbidity PROBE,sfi_smart_ocean;demo;d1;1;AANDERAA_TURBIDITY,turbidity,147.25,NTU,0
2025-01-03 01:30:00+00:00,Node 1,sfi_smart_ocean;demo;d1;1,60.090717,5.263733,Aanderaa Temperature PROBE,sfi_smart_ocean;demo;d1;1;AANDERAA_TEMPERATURE,sea_water_temperature,7.17,degrees_C,0
2025-01-03 01:30:00+00:00,Node 1,sfi_smart_ocean;demo;d1;1,60.090717,5.263733,Aanderaa Conductivity PROBE,sfi_smart_ocean;demo;d1;1;AANDERAA_CONDUCTIVITY,sea_water_electrical_conductivity,5.459,S m-1,0
2025-01-03 01:30:00+00:00,Node 1,sfi_smart_ocean;demo;d1;1,60.090717,5.263733,Aanderaa Salinity PROBE,sfi_smart_ocean;demo;d1;1;AANDERAA_SALINITY,sea_water_salinity,17.32,PSU,0
2025-01-03 01:30:00+00:00,Node 1,sfi_smart_ocean;demo;d1;1,60.090717,5.263733,Aanderaa Oxygen PROBE,sfi_smart_ocean;demo;d1;1;AANDERAA_OXYGEN,dissolved_oxygen,156.3,umol L-1,0
2025-01-03 01:30:00+00:00,Node 1,sfi_smart_ocean;demo;d1;1,60.090717,5.263733,Aanderaa Turbidity PROBE,sfi_smart_ocean;demo;d1;1;AANDERAA_TURBIDITY,turbidity,161.51,NTU,0
